extraction_ID,alternative_ID,collection_year,collection_month,collection_day,location1,location2,location3,longitude,latitude,sample_type,depth,sample_volume_liters,sample_collect_device,filter_type,filter_size_micrometer,filter_preservation,time_of_day,project,collected_by,extraction_by,extraction_date,extraction_kit,plate_or_vial,elution_volume_microliters,extraction_plate_ID,extraction_well_ID
e02502,E1053.SKQ2021,2021,11,8,DBO_3.8,DBO_3,Chukchi Sea,-168.9495,67.67663333,sample,46,1,niskin bottle,Sterivex,0.22,95% ethanol,13:04,DBO,Matt Galaska,Matt Galaska,unknown,Qiagen DNeasy Blood and Tissue - spin columns,vial,100,26_2023,A1
e02503,E1054.SKQ2021,2021,11,8,DBO_3.8,DBO_3,Chukchi Sea,-168.9495,67.67663333,sample,30,1,niskin bottle,Sterivex,0.22,95% ethanol,13:04,DBO,Matt Galaska,Matt Galaska,unknown,Qiagen DNeasy Blood and Tissue - spin columns,vial,100,26_2023,B1
e02504,E1055.SKQ2021,2021,11,8,DBO_3.8,DBO_3,Chukchi Sea,-168.9495,67.67663333,sample,10,1,niskin bottle,Sterivex,0.22,95% ethanol,13:04,DBO,Matt Galaska,Matt Galaska,unknown,Qiagen DNeasy Blood and Tissue - spin columns,vial,100,26_2023,C1
e02505,E1056.SKQ2021,2021,11,9,DBO_4.1,DBO_4,Chukchi Sea,-160.2647333,71.19315,sample,49,1,niskin bottle,Sterivex,0.22,95% ethanol,17:39,DBO,Matt Galaska,Matt Galaska,unknown,Qiagen DNeasy Blood and Tissue - spin columns,vial,100,26_2023,D1
e02506,E1057.SKQ2021,2021,11,9,DBO_4.1,DBO_4,Chukchi Sea,-160.2647333,71.19315,sample,30,1,niskin bottle,Sterivex,0.22,95% ethanol,17:39,DBO,Matt Galaska,Matt Galaska,unknown,Qiagen DNeasy Blood and Tissue - spin columns,vial,100,26_2023,E1
e02507,E1058.SKQ2021,2021,11,9,DBO_4.1,DBO_4,Chukchi Sea,-160.2647333,71.19315,sample,10,1,niskin bottle,Sterivex,0.22,95% ethanol,17:39,DBO,Matt Galaska,Matt Galaska,unknown,Qiagen DNeasy Blood and Tissue - spin columns,vial,100,26_2023,F1
e02508,E1059.SKQ2021,2021,11,9,DBO_4.2,DBO_4,Chukchi Sea,-160.6566667,71.3218,sample,43,1,niskin bottle,Sterivex,0.22,95% ethanol,19:55,DBO,Matt Galaska,Matt Galaska,unknown,Qiagen DNeasy Blood and Tissue - spin columns,vial,100,26_2023,G1
e02509,E1060.SKQ2021,2021,11,9,DBO_4.2,DBO_4,Chukchi Sea,-160.6566667,71.3218,sample,30,1,niskin bottle,Sterivex,0.22,95% ethanol,19:55,DBO,Matt Galaska,Matt Galaska,unknown,Qiagen DNeasy Blood and Tissue - spin columns,vial,100,26_2023,H1
e02510,E1061.SKQ2021,2021,11,9,DBO_4.2,DBO_4,Chukchi Sea,-160.6566667,71.3218,sample,10,1,niskin bottle,Sterivex,0.22,95% ethanol,19:55,DBO,Matt Galaska,Matt Galaska,unknown,Qiagen DNeasy Blood and Tissue - spin columns,vial,100,26_2023,A2
e02511,E1062.SKQ2021,2021,11,9,DBO_4.3,DBO_4,Chukchi Sea,-161.0393833,71.45433333,sample,43,1,niskin bottle,Sterivex,0.22,95% ethanol,22:19,DBO,Matt Galaska,Matt Galaska,unknown,Qiagen DNeasy Blood and Tissue - spin columns,vial,100,26_2023,B2
e02512,E1063.SKQ2021,2021,11,9,DBO_4.3,DBO_4,Chukchi Sea,-161.0393833,71.45433333,sample,30,1,niskin bottle,Sterivex,0.22,95% ethanol,22:19,DBO,Matt Galaska,Matt Galaska,unknown,Qiagen DNeasy Blood and Tissue - spin columns,vial,100,26_2023,C2
e02513,E1064.SKQ2021,2021,11,9,DBO_4.3,DBO_4,Chukchi Sea,-161.0393833,71.45433333,sample,10,1,niskin bottle,Sterivex,0.22,95% ethanol,22:19,DBO,Matt Galaska,Matt Galaska,unknown,Qiagen DNeasy Blood and Tissue - spin columns,vial,100,26_2023,D2
e02514,E1065.SKQ2021,2021,11,10,DBO_4.4,DBO_4,Chukchi Sea,-161.4058333,71.589,sample,43,1,niskin bottle,Sterivex,0.22,95% ethanol,1:26,DBO,Matt Galaska,Matt Galaska,unknown,Qiagen DNeasy Blood and Tissue - spin columns,vial,100,26_2023,E2
e02515,E1066.SKQ2021,2021,11,10,DBO_4.4,DBO_4,Chukchi Sea,-161.4058333,71.589,sample,30,1,niskin bottle,Sterivex,0.22,95% ethanol,1:26,DBO,Matt Galaska,Matt Galaska,unknown,Qiagen DNeasy Blood and Tissue - spin columns,vial,100,26_2023,F2
e02516,E1067.SKQ2021,2021,11,10,DBO_4.4,DBO_4,Chukchi Sea,-161.4058333,71.589,sample,10,1,niskin bottle,Sterivex,0.22,95% ethanol,1:26,DBO,Matt Galaska,Matt Galaska,unknown,Qiagen DNeasy Blood and Tissue - spin columns,vial,100,26_2023,G2
e02517,E1068.SKQ2021,2021,11,10,CEO,CEO,Chukchi Sea,-161.5248333,71.59083333,sample,42,1,niskin bottle,Sterivex,0.22,95% ethanol,3:18,DBO,Matt Galaska,Matt Galaska,unknown,Qiagen DNeasy Blood and Tissue - spin columns,vial,100,26_2023,H2
e02518,E1069.SKQ2021,2021,11,10,CEO,CEO,Chukchi Sea,-161.5248333,71.59083333,sample,30,1,niskin bottle,Sterivex,0.22,95% ethanol,3:18,DBO,Matt Galaska,Matt Galaska,unknown,Qiagen DNeasy Blood and Tissue - spin columns,vial,100,26_2023,A3
e02519,E1070.SKQ2021,2021,11,10,CEO,CEO,Chukchi Sea,-161.5248333,71.59083333,sample,10,1,niskin bottle,Sterivex,0.22,95% ethanol,3:18,DBO,Matt Galaska,Matt Galaska,unknown,Qiagen DNeasy Blood and Tissue - spin columns,vial,100,26_2023,B3
e02520,E1071.SKQ2021,2021,11,10,DBO_4.5,DBO_4,Arctic Ocean,-161.7747167,71.71866667,sample,39,1,niskin bottle,Sterivex,0.22,95% ethanol,5:34,DBO,Matt Galaska,Matt Galaska,unknown,Qiagen DNeasy Blood and Tissue - spin columns,vial,100,26_2023,C3
e02521,E1072.SKQ2021,2021,11,10,DBO_4.5,DBO_4,Arctic Ocean,-161.7747167,71.71866667,sample,30,1,niskin bottle,Sterivex,0.22,95% ethanol,5:34,DBO,Matt Galaska,Matt Galaska,unknown,Qiagen DNeasy Blood and Tissue - spin columns,vial,100,26_2023,D3
e02522,E1073.SKQ2021,2021,11,10,DBO_4.5,DBO_4,Arctic Ocean,-161.7747167,71.71866667,sample,10,1,niskin bottle,Sterivex,0.22,95% ethanol,5:34,DBO,Matt Galaska,Matt Galaska,unknown,Qiagen DNeasy Blood and Tissue - spin columns,vial,100,26_2023,E3
e02523,E1074.SKQ2021,2021,11,10,DBO_4.6,DBO_4,Arctic Ocean,-162.17025,71.8507,sample,37,1,niskin bottle,Sterivex,0.22,95% ethanol,9:39,DBO,Matt Galaska,Matt Galaska,unknown,Qiagen DNeasy Blood and Tissue - spin columns,vial,100,26_2023,F3
e02524,E1075.SKQ2021,2021,11,10,DBO_4.6,DBO_4,Arctic Ocean,-162.17025,71.8507,sample,31,1,niskin bottle,Sterivex,0.22,95% ethanol,9:39,DBO,Matt Galaska,Matt Galaska,unknown,Qiagen DNeasy Blood and Tissue - spin columns,vial,100,26_2023,G3
e02525,E1076.SKQ2021,2021,11,10,DBO_4.6,DBO_4,Arctic Ocean,-162.17025,71.8507,sample,11,1,niskin bottle,Sterivex,0.22,95% ethanol,9:39,DBO,Matt Galaska,Matt Galaska,unknown,Qiagen DNeasy Blood and Tissue - spin columns,vial,100,26_2023,H3
e02526,E1077.SKQ2021,2021,11,10,C2,C2,Chukchi Sea,-164,71,sample,40,1,niskin bottle,Sterivex,0.22,95% ethanol,20:10,DBO,Matt Galaska,Matt Galaska,unknown,Qiagen DNeasy Blood and Tissue - spin columns,vial,100,26_2023,A4
e02527,E1078.SKQ2021,2021,11,10,C2,C2,Chukchi Sea,-164,71,sample,30,1,niskin bottle,Sterivex,0.22,95% ethanol,20:10,DBO,Matt Galaska,Matt Galaska,unknown,Qiagen DNeasy Blood and Tissue - spin columns,vial,100,26_2023,B4
e02528,E1079.SKQ2021,2021,11,10,C2,C2,Chukchi Sea,-164,71,sample,10,1,niskin bottle,Sterivex,0.22,95% ethanol,20:10,DBO,Matt Galaska,Matt Galaska,unknown,Qiagen DNeasy Blood and Tissue - spin columns,vial,100,26_2023,C4
e02529,E1080.SKQ2021,2021,11,11,DBO_3.1,DBO_3,Chukchi Sea,-166.9293667,68.304,sample,30,1,niskin bottle,Sterivex,0.22,95% ethanol,16:21,DBO,Matt Galaska,Matt Galaska,unknown,Qiagen DNeasy Blood and Tissue - spin columns,vial,100,26_2023,D4
e02530,E1081.SKQ2021,2021,11,11,DBO_3.1,DBO_3,Chukchi Sea,-166.9293667,68.304,sample,10,1,niskin bottle,Sterivex,0.22,95% ethanol,16:21,DBO,Matt Galaska,Matt Galaska,unknown,Qiagen DNeasy Blood and Tissue - spin columns,vial,100,26_2023,E4
e02531,E1082.SKQ2021,2021,11,11,DBO_3.2,DBO_3,Arctic Ocean,-167.12175,68.25066667,sample,38,1,niskin bottle,Sterivex,0.22,95% ethanol,18:15,DBO,Matt Galaska,Matt Galaska,unknown,Qiagen DNeasy Blood and Tissue - spin columns,vial,100,26_2023,F4
e02532,E1083.SKQ2021,2021,11,11,DBO_3.2,DBO_3,Arctic Ocean,-167.12175,68.25066667,sample,31,1,niskin bottle,Sterivex,0.22,95% ethanol,18:15,DBO,Matt Galaska,Matt Galaska,unknown,Qiagen DNeasy Blood and Tissue - spin columns,vial,100,26_2023,G4
e02533,E1084.SKQ2021,2021,11,11,DBO_3.2,DBO_3,Arctic Ocean,-167.12175,68.25066667,sample,10,1,niskin bottle,Sterivex,0.22,95% ethanol,18:15,DBO,Matt Galaska,Matt Galaska,unknown,Qiagen DNeasy Blood and Tissue - spin columns,vial,100,26_2023,H4
e02534,E1085.SKQ2021,2021,11,11,DBO_3.3,DBO_3,Chukchi Sea,-167.2911667,68.19051667,sample,43,1,niskin bottle,Sterivex,0.22,95% ethanol,20:26,DBO,Matt Galaska,Matt Galaska,unknown,Qiagen DNeasy Blood and Tissue - spin columns,vial,100,26_2023,A5
e02535,E1086.SKQ2021,2021,11,11,DBO_3.3,DBO_3,Chukchi Sea,-167.2911667,68.19051667,sample,30,1,niskin bottle,Sterivex,0.22,95% ethanol,20:26,DBO,Matt Galaska,Matt Galaska,unknown,Qiagen DNeasy Blood and Tissue - spin columns,vial,100,26_2023,B5
e02536,E1087.SKQ2021,2021,11,11,DBO_3.3,DBO_3,Chukchi Sea,-167.2911667,68.19051667,sample,10,1,niskin bottle,Sterivex,0.22,95% ethanol,20:26,DBO,Matt Galaska,Matt Galaska,unknown,Qiagen DNeasy Blood and Tissue - spin columns,vial,100,26_2023,C5
e02537,E1088.SKQ2021,2021,11,11,DBO_3.4,DBO_3,Chukchi Sea,-167.4833333,68.11666667,sample,45,1,niskin bottle,Sterivex,0.22,95% ethanol,NA,DBO,Matt Galaska,Matt Galaska,unknown,Qiagen DNeasy Blood and Tissue - spin columns,vial,100,26_2023,D5
e02538,E1089.SKQ2021,2021,11,11,DBO_3.4,DBO_3,Chukchi Sea,-167.4833333,68.11666667,sample,30,1,niskin bottle,Sterivex,0.22,95% ethanol,NA,DBO,Matt Galaska,Matt Galaska,unknown,Qiagen DNeasy Blood and Tissue - spin columns,vial,100,26_2023,E5
e02539,E1090.SKQ2021,2021,11,11,DBO_3.4,DBO_3,Chukchi Sea,-167.4833333,68.11666667,sample,10,1,niskin bottle,Sterivex,0.22,95% ethanol,NA,DBO,Matt Galaska,Matt Galaska,unknown,Qiagen DNeasy Blood and Tissue - spin columns,vial,100,26_2023,F5
e02540,E1091.SKQ2021,2021,11,12,DBO_3.5,DBO_3,Chukchi Sea,-167.8853333,68.013,sample,49,1,niskin bottle,Sterivex,0.22,95% ethanol,0:37,DBO,Matt Galaska,Matt Galaska,unknown,Qiagen DNeasy Blood and Tissue - spin columns,vial,100,26_2023,G5
e02541,E1092.SKQ2021,2021,11,12,DBO_3.5,DBO_3,Chukchi Sea,-167.8853333,68.013,sample,31,1,niskin bottle,Sterivex,0.22,95% ethanol,0:37,DBO,Matt Galaska,Matt Galaska,unknown,Qiagen DNeasy Blood and Tissue - spin columns,vial,100,26_2023,H5
e02542,E1093.SKQ2021,2021,11,12,DBO_3.5,DBO_3,Chukchi Sea,-167.8853333,68.013,sample,10,1,niskin bottle,Sterivex,0.22,95% ethanol,0:37,DBO,Matt Galaska,Matt Galaska,unknown,Qiagen DNeasy Blood and Tissue - spin columns,vial,100,26_2023,A6
e02543,E1094.SKQ2021,2021,11,12,DBO_3.6,DBO_3,Chukchi Sea,-168.234,67.8975,sample,53,1,niskin bottle,Sterivex,0.22,95% ethanol,3:56,DBO,Matt Galaska,Matt Galaska,unknown,Qiagen DNeasy Blood and Tissue - spin columns,vial,100,26_2023,B6
e02544,E1095.SKQ2021,2021,11,12,DBO_3.6,DBO_3,Chukchi Sea,-168.234,67.8975,sample,30,1,niskin bottle,Sterivex,0.22,95% ethanol,3:56,DBO,Matt Galaska,Matt Galaska,unknown,Qiagen DNeasy Blood and Tissue - spin columns,vial,100,26_2023,C6
e02545,E1096.SKQ2021,2021,11,12,DBO_3.6,DBO_3,Chukchi Sea,-168.234,67.8975,sample,10,1,niskin bottle,Sterivex,0.22,95% ethanol,3:56,DBO,Matt Galaska,Matt Galaska,unknown,Qiagen DNeasy Blood and Tissue - spin columns,vial,100,26_2023,D6
e02546,E1097.SKQ2021,2021,11,12,DBO_3.7,DBO_3,Chukchi Sea,-168.5949667,67.78283333,sample,45,1,niskin bottle,Sterivex,0.22,95% ethanol,6:39,DBO,Matt Galaska,Matt Galaska,unknown,Qiagen DNeasy Blood and Tissue - spin columns,vial,100,26_2023,E6
e02547,E1098.SKQ2021,2021,11,12,DBO_3.7,DBO_3,Chukchi Sea,-168.5949667,67.78283333,sample,30,1,niskin bottle,Sterivex,0.22,95% ethanol,6:39,DBO,Matt Galaska,Matt Galaska,unknown,Qiagen DNeasy Blood and Tissue - spin columns,vial,100,26_2023,F6
e02548,E1099.SKQ2021,2021,11,12,DBO_3.7,DBO_3,Chukchi Sea,-168.5949667,67.78283333,sample,10,1,niskin bottle,Sterivex,0.22,95% ethanol,6:39,DBO,Matt Galaska,Matt Galaska,unknown,Qiagen DNeasy Blood and Tissue - spin columns,vial,100,26_2023,G6
e02549,E1100.SKQ2021,2021,11,14,M8,M8,Bering Sea,-174.68,62.20133333,sample,68,1,niskin bottle,Sterivex,0.22,95% ethanol,0:51,DBO,Matt Galaska,Matt Galaska,unknown,Qiagen DNeasy Blood and Tissue - spin columns,vial,100,26_2023,H6
e02550,E1101.SKQ2021,2021,11,14,M8,M8,Bering Sea,-174.68,62.20133333,sample,31,1,niskin bottle,Sterivex,0.22,95% ethanol,0:51,DBO,Matt Galaska,Matt Galaska,unknown,Qiagen DNeasy Blood and Tissue - spin columns,vial,100,26_2023,A7
e02551,E1102.SKQ2021,2021,11,14,M8,M8,Bering Sea,-174.68,62.20133333,sample,10,1,niskin bottle,Sterivex,0.22,95% ethanol,0:51,DBO,Matt Galaska,Matt Galaska,unknown,Qiagen DNeasy Blood and Tissue - spin columns,vial,100,26_2023,B7
e02552,E1103.SKQ2021,2021,11,14,DBO_1.1,DBO_1,Bering Sea,-175.0666667,62,sample,74,1,niskin bottle,Sterivex,0.22,95% ethanol,3:06,DBO,Matt Galaska,Matt Galaska,unknown,Qiagen DNeasy Blood and Tissue - spin columns,vial,100,26_2023,C7
e02553,E1104.SKQ2021,2021,11,14,DBO_1.1,DBO_1,Bering Sea,-175.0666667,62,sample,30,1,niskin bottle,Sterivex,0.22,95% ethanol,3:06,DBO,Matt Galaska,Matt Galaska,unknown,Qiagen DNeasy Blood and Tissue - spin columns,vial,100,26_2023,D7
e02554,E1105.SKQ2021,2021,11,14,DBO_1.1,DBO_1,Bering Sea,-175.0666667,62,sample,10,1,niskin bottle,Sterivex,0.22,95% ethanol,3:06,DBO,Matt Galaska,Matt Galaska,unknown,Qiagen DNeasy Blood and Tissue - spin columns,vial,100,26_2023,E7
e02555,E1106.SKQ2021,2021,11,14,DBO_1.2,DBO_1,Bering Sea,-175.2086333,62.04928333,sample,76,1,niskin bottle,Sterivex,0.22,95% ethanol,5:06,DBO,Matt Galaska,Matt Galaska,unknown,Qiagen DNeasy Blood and Tissue - spin columns,vial,100,26_2023,F7
e02556,E1107.SKQ2021,2021,11,14,DBO_1.2,DBO_1,Bering Sea,-175.2086333,62.04928333,sample,31,1,niskin bottle,Sterivex,0.22,95% ethanol,5:06,DBO,Matt Galaska,Matt Galaska,unknown,Qiagen DNeasy Blood and Tissue - spin columns,vial,100,26_2023,G7
e02557,E1108.SKQ2021,2021,11,14,DBO_1.2,DBO_1,Bering Sea,-175.2086333,62.04928333,sample,10,1,niskin bottle,Sterivex,0.22,95% ethanol,5:06,DBO,Matt Galaska,Matt Galaska,unknown,Qiagen DNeasy Blood and Tissue - spin columns,vial,100,26_2023,H7
e02558,E1109.SKQ2021,2021,11,14,DBO_1.3,DBO_1,Bering Sea,-174.8778333,62.22,sample,70,1,niskin bottle,Sterivex,0.22,95% ethanol,8:01,DBO,Matt Galaska,Matt Galaska,unknown,Qiagen DNeasy Blood and Tissue - spin columns,vial,100,26_2023,A8
e02559,E1110.SKQ2021,2021,11,14,DBO_1.3,DBO_1,Bering Sea,-174.8778333,62.22,sample,31,1,niskin bottle,Sterivex,0.22,95% ethanol,8:01,DBO,Matt Galaska,Matt Galaska,unknown,Qiagen DNeasy Blood and Tissue - spin columns,vial,100,26_2023,B8
e02560,E1111.SKQ2021,2021,11,14,DBO_1.3,DBO_1,Bering Sea,-174.8778333,62.22,sample,10,1,niskin bottle,Sterivex,0.22,95% ethanol,8:01,DBO,Matt Galaska,Matt Galaska,unknown,Qiagen DNeasy Blood and Tissue - spin columns,vial,100,26_2023,C8
e02561,E1112.SKQ2021,2021,11,14,DBO_1.4,DBO_1,Bering Sea,-174.5716,62.39033333,sample,65,1,niskin bottle,Sterivex,0.22,95% ethanol,9:58,DBO,Matt Galaska,Matt Galaska,unknown,Qiagen DNeasy Blood and Tissue - spin columns,vial,100,26_2023,D8
e02562,E1113.SKQ2021,2021,11,14,DBO_1.4,DBO_1,Bering Sea,-174.5716,62.39033333,sample,30,1,niskin bottle,Sterivex,0.22,95% ethanol,9:58,DBO,Matt Galaska,Matt Galaska,unknown,Qiagen DNeasy Blood and Tissue - spin columns,vial,100,26_2023,E8
e02563,E1114.SKQ2021,2021,11,14,DBO_1.4,DBO_1,Bering Sea,-174.5716,62.39033333,sample,10,1,niskin bottle,Sterivex,0.22,95% ethanol,9:58,DBO,Matt Galaska,Matt Galaska,unknown,Qiagen DNeasy Blood and Tissue - spin columns,vial,100,26_2023,F8
e02564,E1115.SKQ2021,2021,11,14,DBO_1.5,DBO_1,Bering Sea,-174.0845,62.46833333,sample,63,1,niskin bottle,Sterivex,0.22,95% ethanol,13:19,DBO,Matt Galaska,Matt Galaska,unknown,Qiagen DNeasy Blood and Tissue - spin columns,vial,100,26_2023,G8
e02565,E1116.SKQ2021,2021,11,14,DBO_1.5,DBO_1,Bering Sea,-174.0845,62.46833333,sample,30,1,niskin bottle,Sterivex,0.22,95% ethanol,13:19,DBO,Matt Galaska,Matt Galaska,unknown,Qiagen DNeasy Blood and Tissue - spin columns,vial,100,26_2023,H8
e02566,E1117.SKQ2021,2021,11,14,DBO_1.5,DBO_1,Bering Sea,-174.0845,62.46833333,sample,10,1,niskin bottle,Sterivex,0.22,95% ethanol,13:19,DBO,Matt Galaska,Matt Galaska,unknown,Qiagen DNeasy Blood and Tissue - spin columns,vial,100,26_2023,A9
e02567,E1118.SKQ2021,2021,11,14,DBO_1.6,DBO_1,Bering Sea,-173.55045,62.5605,sample,60,1,niskin bottle,Sterivex,0.22,95% ethanol,15:00,DBO,Matt Galaska,Matt Galaska,unknown,Qiagen DNeasy Blood and Tissue - spin columns,vial,100,26_2023,B9
e02568,E1119.SKQ2021,2021,11,14,DBO_1.6,DBO_1,Bering Sea,-173.55045,62.5605,sample,31,1,niskin bottle,Sterivex,0.22,95% ethanol,15:00,DBO,Matt Galaska,Matt Galaska,unknown,Qiagen DNeasy Blood and Tissue - spin columns,vial,100,26_2023,C9
e02569,E1120.SKQ2021,2021,11,14,DBO_1.6,DBO_1,Bering Sea,-173.55045,62.5605,sample,11,1,niskin bottle,Sterivex,0.22,95% ethanol,15:00,DBO,Matt Galaska,Matt Galaska,unknown,Qiagen DNeasy Blood and Tissue - spin columns,vial,100,26_2023,D9
e02570,E1121.SKQ2021,2021,11,14,DBO_1.7,DBO_1,Bering Sea,-173.5004167,62.7875,sample,66,1,niskin bottle,Sterivex,0.22,95% ethanol,18:51,DBO,Matt Galaska,Matt Galaska,unknown,Qiagen DNeasy Blood and Tissue - spin columns,vial,100,26_2023,E9
e02571,E1122.SKQ2021,2021,11,14,DBO_1.7,DBO_1,Bering Sea,-173.5004167,62.7875,sample,31,1,niskin bottle,Sterivex,0.22,95% ethanol,18:51,DBO,Matt Galaska,Matt Galaska,unknown,Qiagen DNeasy Blood and Tissue - spin columns,vial,100,26_2023,F9
e02572,E1123.SKQ2021,2021,11,14,DBO_1.7,DBO_1,Bering Sea,-173.5004167,62.7875,sample,11,1,niskin bottle,Sterivex,0.22,95% ethanol,18:51,DBO,Matt Galaska,Matt Galaska,unknown,Qiagen DNeasy Blood and Tissue - spin columns,vial,100,26_2023,G9
e02573,E1124.SKQ2021,2021,11,14,DBO_1.8,DBO_1,Bering Sea,-173.461,63.03016667,sample,65,1,niskin bottle,Sterivex,0.22,95% ethanol,20:50,DBO,Matt Galaska,Matt Galaska,unknown,Qiagen DNeasy Blood and Tissue - spin columns,vial,100,26_2023,H9
e02574,E1125.SKQ2021,2021,11,14,DBO_1.8,DBO_1,Bering Sea,-173.461,63.03016667,sample,30,1,niskin bottle,Sterivex,0.22,95% ethanol,20:50,DBO,Matt Galaska,Matt Galaska,unknown,Qiagen DNeasy Blood and Tissue - spin columns,vial,100,26_2023,A10
e02575,E1126.SKQ2021,2021,11,14,DBO_1.8,DBO_1,Bering Sea,-173.461,63.03016667,sample,11,1,niskin bottle,Sterivex,0.22,95% ethanol,20:50,DBO,Matt Galaska,Matt Galaska,unknown,Qiagen DNeasy Blood and Tissue - spin columns,vial,100,26_2023,B10
e02576,E1127.SKQ2021,2021,11,15,DBO_1.9,DBO_1,Bering Sea,-173.281,63.27833333,sample,61,1,niskin bottle,Sterivex,0.22,95% ethanol,0:34,DBO,Matt Galaska,Matt Galaska,unknown,Qiagen DNeasy Blood and Tissue - spin columns,vial,100,26_2023,C10
e02577,E1128.SKQ2021,2021,11,15,DBO_1.9,DBO_1,Bering Sea,-173.281,63.27833333,sample,31,1,niskin bottle,Sterivex,0.22,95% ethanol,0:34,DBO,Matt Galaska,Matt Galaska,unknown,Qiagen DNeasy Blood and Tissue - spin columns,vial,100,26_2023,D10
e02578,E1129.SKQ2021,2021,11,15,DBO_1.9,DBO_1,Bering Sea,-173.281,63.27833333,sample,11,1,niskin bottle,Sterivex,0.22,95% ethanol,0:34,DBO,Matt Galaska,Matt Galaska,unknown,Qiagen DNeasy Blood and Tissue - spin columns,vial,100,26_2023,E10
e02579,E1130.SKQ2021,2021,11,15,DBO_1.10,DBO_1,Bering Sea,-172.5931667,63.60483333,sample,46,1,niskin bottle,Sterivex,0.22,95% ethanol,3:54,DBO,Matt Galaska,Matt Galaska,unknown,Qiagen DNeasy Blood and Tissue - spin columns,vial,100,26_2023,F10
e02580,E1131.SKQ2021,2021,11,15,DBO_1.10,DBO_1,Bering Sea,-172.5931667,63.60483333,sample,30,1,niskin bottle,Sterivex,0.22,95% ethanol,3:54,DBO,Matt Galaska,Matt Galaska,unknown,Qiagen DNeasy Blood and Tissue - spin columns,vial,100,26_2023,G10
e02581,E1132.SKQ2021,2021,11,15,DBO_1.10,DBO_1,Bering Sea,-172.5931667,63.60483333,sample,11,1,niskin bottle,Sterivex,0.22,95% ethanol,3:54,DBO,Matt Galaska,Matt Galaska,unknown,Qiagen DNeasy Blood and Tissue - spin columns,vial,100,26_2023,H10
e02582,E1133.SKQ2021,2021,11,15,DBO_2.1,DBO_2,Bering Sea,-169.9187,64.67016667,sample,43,1,niskin bottle,Sterivex,0.22,95% ethanol,12:20,DBO,Matt Galaska,Matt Galaska,unknown,Qiagen DNeasy Blood and Tissue - spin columns,vial,100,26_2023,A11
e02583,E1134.SKQ2021,2021,11,15,DBO_2.1,DBO_2,Bering Sea,-169.9187,64.67016667,sample,30,1,niskin bottle,Sterivex,0.22,95% ethanol,12:20,DBO,Matt Galaska,Matt Galaska,unknown,Qiagen DNeasy Blood and Tissue - spin columns,vial,100,26_2023,B11
e02584,E1135.SKQ2021,2021,11,15,DBO_2.1,DBO_2,Bering Sea,-169.9187,64.67016667,sample,10,1,niskin bottle,Sterivex,0.22,95% ethanol,12:20,DBO,Matt Galaska,Matt Galaska,unknown,Qiagen DNeasy Blood and Tissue - spin columns,vial,100,26_2023,C11
e02585,E1136.SKQ2021,2021,11,15,DBO_2.2,DBO_2,Bering Sea,-169.1006667,64.68,sample,41,1,niskin bottle,Sterivex,0.22,95% ethanol,15:44,DBO,Matt Galaska,Matt Galaska,unknown,Qiagen DNeasy Blood and Tissue - spin columns,vial,100,26_2023,D11
e02586,E1137.SKQ2021,2021,11,15,DBO_2.2,DBO_2,Bering Sea,-169.1006667,64.68,sample,30,1,niskin bottle,Sterivex,0.22,95% ethanol,15:44,DBO,Matt Galaska,Matt Galaska,unknown,Qiagen DNeasy Blood and Tissue - spin columns,vial,100,26_2023,E11
e02587,E1138.SKQ2021,2021,11,15,DBO_2.2,DBO_2,Bering Sea,-169.1006667,64.68,sample,10,1,niskin bottle,Sterivex,0.22,95% ethanol,15:44,DBO,Matt Galaska,Matt Galaska,unknown,Qiagen DNeasy Blood and Tissue - spin columns,vial,100,26_2023,F11
e02588,E1139.SKQ2021,2021,11,15,DBO_2.5,DBO_2,Bering Sea,-169.1398333,64.98983333,sample,44,1,niskin bottle,Sterivex,0.22,95% ethanol,22:03,DBO,Matt Galaska,Matt Galaska,unknown,Qiagen DNeasy Blood and Tissue - spin columns,vial,100,26_2023,G11
e02589,E1140.SKQ2021,2021,11,15,DBO_2.5,DBO_2,Bering Sea,-169.1398333,64.98983333,sample,31,1,niskin bottle,Sterivex,0.22,95% ethanol,22:03,DBO,Matt Galaska,Matt Galaska,unknown,Qiagen DNeasy Blood and Tissue - spin columns,vial,100,26_2023,H11
e02590,E1141.SKQ2021,2021,11,15,DBO_2.5,DBO_2,Bering Sea,-169.1398333,64.98983333,sample,10,1,niskin bottle,Sterivex,0.22,95% ethanol,22:03,DBO,Matt Galaska,Matt Galaska,unknown,Qiagen DNeasy Blood and Tissue - spin columns,vial,100,26_2023,A12
e02591,E1142.SKQ2021,2021,11,16,DBO_2.4,DBO_2,Bering Sea,-169.8803333,64.95883333,sample,44,1,niskin bottle,Sterivex,0.22,95% ethanol,1:31,DBO,Matt Galaska,Matt Galaska,unknown,Qiagen DNeasy Blood and Tissue - spin columns,vial,100,26_2023,B12
e02592,E1143.SKQ2021,2021,11,16,DBO_2.4,DBO_2,Bering Sea,-169.8803333,64.95883333,sample,30,1,niskin bottle,Sterivex,0.22,95% ethanol,1:31,DBO,Matt Galaska,Matt Galaska,unknown,Qiagen DNeasy Blood and Tissue - spin columns,vial,100,26_2023,C12
e02593,E1144.SKQ2021,2021,11,16,DBO_2.4,DBO_2,Bering Sea,-169.8803333,64.95883333,sample,10,1,niskin bottle,Sterivex,0.22,95% ethanol,1:31,DBO,Matt Galaska,Matt Galaska,unknown,Qiagen DNeasy Blood and Tissue - spin columns,vial,100,26_2023,D12
e02594,E1145.SKQ2021,2021,11,16,DBO_2.3,DBO_2,Bering Sea,-168.2356667,64.66983333,sample,34,1,niskin bottle,Sterivex,0.22,95% ethanol,7:31,DBO,Matt Galaska,Matt Galaska,unknown,Qiagen DNeasy Blood and Tissue - spin columns,vial,100,26_2023,E12
e02595,E1146.SKQ2021,2021,11,16,DBO_2.3,DBO_2,Bering Sea,-168.2356667,64.66983333,sample,10,1,niskin bottle,Sterivex,0.22,95% ethanol,7:31,DBO,Matt Galaska,Matt Galaska,unknown,Qiagen DNeasy Blood and Tissue - spin columns,vial,100,26_2023,F12
e02596,B3,2021,11,16,NA,NA,Bering Sea,-168.2356667,64.66983333,field_blank,NA,1,niskin bottle,Sterivex,0.22,95% ethanol,NA,DBO,Matt Galaska,Matt Galaska,unknown,Qiagen DNeasy Blood and Tissue - spin columns,vial,100,26_2023,G12
e02597,NC,2021,11,8,NA,NA,Chukchi Sea,-168.9495,67.67663333,field_blank,NA,1,niskin bottle,Sterivex,0.22,95% ethanol,NA,DBO,Matt Galaska,Matt Galaska,unknown,Qiagen DNeasy Blood and Tissue - spin columns,vial,100,26_2023,H12
e04103,e1880,2023,9,14,DBO_1.1,DBO_1,NA,-175.0599833,62.01003333,sample,74.2,1,niskin bottle,Sterivex,0.22,95% ethanol,,DBO,Matt Galaska,KL,2024_05_07,Qiagen DNeasy Blood and Tissue w/ EconoSpin column,vial,100,34_2024,A1
e04104,e1881,2023,9,14,DBO_1.1,DBO_1,NA,-175.0599833,62.01003333,sample,30,1,niskin bottle,Sterivex,0.22,95% ethanol,,DBO,Matt Galaska,KL,2024_05_07,Qiagen DNeasy Blood and Tissue w/ EconoSpin column,vial,100,34_2024,B1
e04105,e1882,2023,9,14,DBO_1.1,DBO_1,NA,-175.0599833,62.01003333,sample,10,1,niskin bottle,Sterivex,0.22,95% ethanol,,DBO,Matt Galaska,KL,2024_05_07,Qiagen DNeasy Blood and Tissue w/ EconoSpin column,vial,100,34_2024,C1
e04106,e1883,2023,9,14,DBO_1.2,DBO_1,NA,-175.21135,62.0504,sample,75,1,niskin bottle,Sterivex,0.22,95% ethanol,,DBO,Matt Galaska,KL,2024_05_08,Qiagen DNeasy Blood and Tissue w/ EconoSpin column,vial,100,34_2024,D1
e04107,e1884,2023,9,14,DBO_1.2,DBO_1,NA,-175.21135,62.0504,sample,30,1,niskin bottle,Sterivex,0.22,95% ethanol,,DBO,Matt Galaska,KL,2024_05_08,Qiagen DNeasy Blood and Tissue w/ EconoSpin column,vial,100,34_2024,E1
e04108,e1885,2023,9,14,DBO_1.2,DBO_1,NA,-175.21135,62.0504,sample,10,1,niskin bottle,Sterivex,0.22,95% ethanol,,DBO,Matt Galaska,KL,2024_05_08,Qiagen DNeasy Blood and Tissue w/ EconoSpin column,vial,100,34_2024,F1
e04109,e1886,2023,9,15,DBO_1.4,DBO_1,NA,-174.57,62.39,sample,66.2,1,niskin bottle,Sterivex,0.22,95% ethanol,,DBO,Matt Galaska,KL,2024_05_08,Qiagen DNeasy Blood and Tissue w/ EconoSpin column,vial,100,34_2024,G1
e04110,e1887,2023,9,15,DBO_1.4,DBO_1,NA,-174.57,62.39,sample,30,1,niskin bottle,Sterivex,0.22,95% ethanol,,DBO,Matt Galaska,KL,2024_05_08,Qiagen DNeasy Blood and Tissue w/ EconoSpin column,vial,100,34_2024,H1
e04111,e1888,2023,9,15,DBO_1.4,DBO_1,NA,-174.57,62.39,sample,10,1,niskin bottle,Sterivex,0.22,95% ethanol,,DBO,Matt Galaska,KL,2024_05_08,Qiagen DNeasy Blood and Tissue w/ EconoSpin column,vial,100,34_2024,A2
e04112,e1889,2023,9,15,DBO_1.6,DBO_1,NA,-173.55,62.56,sample,61,1,niskin bottle,Sterivex,0.22,95% ethanol,,DBO,Matt Galaska,KL,2024_05_08,Qiagen DNeasy Blood and Tissue w/ EconoSpin column,vial,100,34_2024,B2
e04113,e1890,2023,9,15,DBO_1.6,DBO_1,NA,-173.55,62.56,sample,30,1,niskin bottle,Sterivex,0.22,95% ethanol,,DBO,Matt Galaska,KL,2024_05_08,Qiagen DNeasy Blood and Tissue w/ EconoSpin column,vial,100,34_2024,C2
e04114,e1891,2023,9,15,DBO_1.6,DBO_1,NA,-173.55,62.56,sample,10,1,niskin bottle,Sterivex,0.22,95% ethanol,,DBO,Matt Galaska,KL,2024_05_08,Qiagen DNeasy Blood and Tissue w/ EconoSpin column,vial,100,34_2024,D2
e04115,e1892,2023,9,16,DBO_1.8,DBO_1,NA,-173.46,63.03,sample,66,1,niskin bottle,Sterivex,0.22,95% ethanol,,DBO,Matt Galaska,KL,2024_05_08,Qiagen DNeasy Blood and Tissue w/ EconoSpin column,vial,100,34_2024,E2
e04116,e1893,2023,9,16,DBO_1.8,DBO_1,NA,-173.46,63.03,sample,30,1,niskin bottle,Sterivex,0.22,95% ethanol,,DBO,Matt Galaska,KL,2024_05_08,Qiagen DNeasy Blood and Tissue w/ EconoSpin column,vial,100,34_2024,F2
e04117,e1894,2023,9,16,DBO_1.8,DBO_1,NA,-173.46,63.03,sample,10,1,niskin bottle,Sterivex,0.22,95% ethanol,,DBO,Matt Galaska,KL,2024_05_08,Qiagen DNeasy Blood and Tissue w/ EconoSpin column,vial,100,34_2024,G2
e04118,e1895,2023,9,16,DBO2.0a,DBO_2,NA,-170.2623333,64.67166667,sample,41,1,niskin bottle,Sterivex,0.22,95% ethanol,,DBO,Matt Galaska,KL,2024_05_15,Qiagen DNeasy Blood and Tissue w/ EconoSpin column,vial,100,34_2024,H2
e04119,e1896,2023,9,16,DBO2.0a,DBO_2,NA,-170.2623333,64.67166667,sample,30,1,niskin bottle,Sterivex,0.22,95% ethanol,,DBO,Matt Galaska,KL,2024_05_15,Qiagen DNeasy Blood and Tissue w/ EconoSpin column,vial,100,34_2024,A3
e04120,e1897,2023,9,16,DBO2.0a,DBO_2,NA,-170.2623333,64.67166667,sample,10,1,niskin bottle,Sterivex,0.22,95% ethanol,,DBO,Matt Galaska,KL,2024_05_15,Qiagen DNeasy Blood and Tissue w/ EconoSpin column,vial,100,34_2024,B3
e04121,e1898,2023,9,17,DBO_2.1,DBO_2,NA,-169.92,64.67,sample,41,1,niskin bottle,Sterivex,0.22,95% ethanol,,DBO,Matt Galaska,KL,2024_05_15,Qiagen DNeasy Blood and Tissue w/ EconoSpin column,vial,100,34_2024,C3
e04122,e1899,2023,9,17,DBO_2.1,DBO_2,NA,-169.92,64.67,sample,30,1,niskin bottle,Sterivex,0.22,95% ethanol,,DBO,Matt Galaska,KL,2024_05_15,Qiagen DNeasy Blood and Tissue w/ EconoSpin column,vial,100,34_2024,D3
e04123,e1900,2023,9,17,DBO_2.1,DBO_2,NA,-169.92,64.67,sample,10,1,niskin bottle,Sterivex,0.22,95% ethanol,,DBO,Matt Galaska,KL,2024_05_15,Qiagen DNeasy Blood and Tissue w/ EconoSpin column,vial,100,34_2024,E3
e04124,e1901,2023,9,17,DBO_2.2,DBO_2,NA,-169.1,64.68,sample,40,1,niskin bottle,Sterivex,0.22,95% ethanol,,DBO,Matt Galaska,KL,2024_05_15,Qiagen DNeasy Blood and Tissue w/ EconoSpin column,vial,100,34_2024,F3
e04125,e1902,2023,9,17,DBO_2.2,DBO_2,NA,-169.1,64.68,sample,30,1,niskin bottle,Sterivex,0.22,95% ethanol,,DBO,Matt Galaska,KL,2024_05_15,Qiagen DNeasy Blood and Tissue w/ EconoSpin column,vial,100,34_2024,G3
e04126,e1903,2023,9,17,DBO_2.2,DBO_2,NA,-169.1,64.68,sample,10,1,niskin bottle,Sterivex,0.22,95% ethanol,,DBO,Matt Galaska,KL,2024_05_08,Qiagen DNeasy Blood and Tissue w/ EconoSpin column,vial,100,34_2024,H3
e04127,e1904,2023,9,17,DBO_2.3,DBO_2,NA,-168.235,64.67,sample,33,1,niskin bottle,Sterivex,0.22,95% ethanol,,DBO,Matt Galaska,KL,2024_05_08,Qiagen DNeasy Blood and Tissue w/ EconoSpin column,vial,100,34_2024,A4
e04128,e1905,2023,9,17,DBO_2.3,DBO_2,NA,-168.235,64.67,sample,10,1,niskin bottle,Sterivex,0.22,95% ethanol,,DBO,Matt Galaska,KL,2024_05_15,Qiagen DNeasy Blood and Tissue w/ EconoSpin column,vial,100,34_2024,B4
e04129,e1906,2023,9,17,DBO_2.7,DBO_2,NA,-168.2220833,65,sample,40,1,niskin bottle,Sterivex,0.22,95% ethanol,,DBO,Matt Galaska,KL,2024_05_08,Qiagen DNeasy Blood and Tissue w/ EconoSpin column,vial,100,34_2024,C4
e04130,e1907,2023,9,17,DBO_2.7,DBO_2,NA,-168.2220833,65,sample,30,1,niskin bottle,Sterivex,0.22,95% ethanol,,DBO,Matt Galaska,KL,2024_05_08,Qiagen DNeasy Blood and Tissue w/ EconoSpin column,vial,100,34_2024,D4
e04131,e1908,2023,9,17,DBO_2.7,DBO_2,NA,-168.2220833,65,sample,10,1,niskin bottle,Sterivex,0.22,95% ethanol,,DBO,Matt Galaska,KL,2024_05_08,Qiagen DNeasy Blood and Tissue w/ EconoSpin column,vial,100,34_2024,E4
e04132,e1909,2023,9,17,DBO_2.5,DBO_2,NA,-169.4873333,64.9745,sample,43,1,niskin bottle,Sterivex,0.22,95% ethanol,,DBO,Matt Galaska,KL,2024_05_08,Qiagen DNeasy Blood and Tissue w/ EconoSpin column,vial,100,34_2024,F4
e04133,e1910,2023,9,17,DBO_2.5,DBO_2,NA,-169.4873333,64.9745,sample,30,1,niskin bottle,Sterivex,0.22,95% ethanol,,DBO,Matt Galaska,KL,2024_05_08,Qiagen DNeasy Blood and Tissue w/ EconoSpin column,vial,100,34_2024,G4
e04134,e1911,2023,9,17,DBO_2.5,DBO_2,NA,-169.4873333,64.9745,sample,10,1,niskin bottle,Sterivex,0.22,95% ethanol,,DBO,Matt Galaska,KL,2024_05_08,Qiagen DNeasy Blood and Tissue w/ EconoSpin column,vial,100,34_2024,H4
e04135,e1912,2023,9,17,DBO_2.4,DBO_2,NA,-169.886,64.96166667,sample,42,1,niskin bottle,Sterivex,0.22,95% ethanol,,DBO,Matt Galaska,KL,2024_05_25,Qiagen DNeasy Blood and Tissue w/ EconoSpin column,vial,100,34_2024,A5
e04136,e1913,2023,9,17,DBO_2.4,DBO_2,NA,-169.886,64.96166667,sample,30,1,niskin bottle,Sterivex,0.22,95% ethanol,,DBO,Matt Galaska,KL,2024_05_25,Qiagen DNeasy Blood and Tissue w/ EconoSpin column,vial,100,34_2024,B5
e04137,e1914,2023,9,17,DBO_2.4,DBO_2,NA,-169.886,64.96166667,sample,10,1,niskin bottle,Sterivex,0.22,95% ethanol,,DBO,Matt Galaska,KL,2024_05_25,Qiagen DNeasy Blood and Tissue w/ EconoSpin column,vial,100,34_2024,C5
e04138,e1915,2023,9,20,DBO_5.1,DBO_5,NA,-157.1642333,71.24685,sample,41.1,1,niskin bottle,Sterivex,0.22,95% ethanol,,DBO,Matt Galaska,KL,2024_05_25,Qiagen DNeasy Blood and Tissue w/ EconoSpin column,vial,100,34_2024,D5
e04139,e1916,2023,9,20,DBO_5.1,DBO_5,NA,-157.1642333,71.24685,sample,30,1,niskin bottle,Sterivex,0.22,95% ethanol,,DBO,Matt Galaska,KL,2024_05_25,Qiagen DNeasy Blood and Tissue w/ EconoSpin column,vial,100,34_2024,E5
e04140,e1917,2023,9,20,DBO_5.1,DBO_5,NA,-157.1642333,71.24685,sample,10,1,niskin bottle,Sterivex,0.22,95% ethanol,,DBO,Matt Galaska,KL,2024_05_25,Qiagen DNeasy Blood and Tissue w/ EconoSpin column,vial,100,34_2024,F5
e04141,e1918,2023,9,20,DBO_5.2,DBO_5,NA,-157.2458167,71.28766667,sample,51,1,niskin bottle,Sterivex,0.22,95% ethanol,,DBO,Matt Galaska,KL,2024_05_25,Qiagen DNeasy Blood and Tissue w/ EconoSpin column,vial,100,34_2024,G5
e04142,e1919,2023,9,20,DBO_5.2,DBO_5,NA,-157.2458167,71.28766667,sample,30,1,niskin bottle,Sterivex,0.22,95% ethanol,,DBO,Matt Galaska,KL,2024_05_25,Qiagen DNeasy Blood and Tissue w/ EconoSpin column,vial,100,34_2024,H5
e04143,e1920,2023,9,20,DBO_5.2,DBO_5,NA,-157.2458167,71.28766667,sample,10,1,niskin bottle,Sterivex,0.22,95% ethanol,,DBO,Matt Galaska,KL,2024_05_25,Qiagen DNeasy Blood and Tissue w/ EconoSpin column,vial,100,34_2024,A6
e04144,e1921,2023,9,20,DBO_5.3,DBO_5,NA,-157.3316667,71.32995,sample,85,1,niskin bottle,Sterivex,0.22,95% ethanol,,DBO,Matt Galaska,KL,2024_05_25,Qiagen DNeasy Blood and Tissue w/ EconoSpin column,vial,100,34_2024,B6
e04145,e1922,2023,9,20,DBO_5.3,DBO_5,NA,-157.3316667,71.32995,sample,30,1,niskin bottle,Sterivex,0.22,95% ethanol,,DBO,Matt Galaska,KL,2024_05_25,Qiagen DNeasy Blood and Tissue w/ EconoSpin column,vial,100,34_2024,C6
e04146,e1923,2023,9,20,DBO_5.3,DBO_5,NA,-157.3316667,71.32995,sample,10,1,niskin bottle,Sterivex,0.22,95% ethanol,,DBO,Matt Galaska,KL,2024_05_25,Qiagen DNeasy Blood and Tissue w/ EconoSpin column,vial,100,34_2024,D6
e04147,e1924,2023,9,20,DBO_5.4,DBO_5,NA,-157.4143333,71.372,sample,106,1,niskin bottle,Sterivex,0.22,95% ethanol,,DBO,Matt Galaska,KL,2024_05_25,Qiagen DNeasy Blood and Tissue w/ EconoSpin column,vial,100,34_2024,E6
e04148,e1925,2023,9,20,DBO_5.4,DBO_5,NA,-157.4143333,71.372,sample,30,1,niskin bottle,Sterivex,0.22,95% ethanol,,DBO,Matt Galaska,KL,2024_05_25,Qiagen DNeasy Blood and Tissue w/ EconoSpin column,vial,100,34_2024,F6
e04149,e1926,2023,9,20,DBO_5.4,DBO_5,NA,-157.4143333,71.372,sample,10,1,niskin bottle,Sterivex,0.22,95% ethanol,,DBO,Matt Galaska,KL,2024_05_25,Qiagen DNeasy Blood and Tissue w/ EconoSpin column,vial,100,34_2024,G6
e04150,e1927,2023,9,20,DBO_5.5,DBO_5,NA,-157.4943833,71.40903333,sample,120,1,niskin bottle,Sterivex,0.22,95% ethanol,,DBO,Matt Galaska,KL,2024_05_21,Qiagen DNeasy Blood and Tissue w/ EconoSpin column,vial,100,34_2024,H6
e04151,e1928,2023,9,20,DBO_5.5,DBO_5,NA,-157.4943833,71.40903333,sample,30,1,niskin bottle,Sterivex,0.22,95% ethanol,,DBO,Matt Galaska,KL,2024_05_21,Qiagen DNeasy Blood and Tissue w/ EconoSpin column,vial,100,34_2024,A7
e04152,e1929,2023,9,20,DBO_5.5,DBO_5,NA,-157.4943833,71.40903333,sample,10,1,niskin bottle,Sterivex,0.22,95% ethanol,,DBO,Matt Galaska,KL,2024_05_21,Qiagen DNeasy Blood and Tissue w/ EconoSpin column,vial,100,34_2024,B7
e04153,e1930,2023,9,20,DBO_5.6,DBO_5,NA,-157.583,71.455,sample,104,1,niskin bottle,Sterivex,0.22,95% ethanol,,DBO,Matt Galaska,KL,2024_05_21,Qiagen DNeasy Blood and Tissue w/ EconoSpin column,vial,100,34_2024,C7
e04154,e1931,2023,9,20,DBO_5.6,DBO_5,NA,-157.583,71.455,sample,30,1,niskin bottle,Sterivex,0.22,95% ethanol,,DBO,Matt Galaska,KL,2024_05_21,Qiagen DNeasy Blood and Tissue w/ EconoSpin column,vial,100,34_2024,D7
e04155,e1932,2023,9,20,DBO_5.6,DBO_5,NA,-157.583,71.455,sample,10,1,niskin bottle,Sterivex,0.22,95% ethanol,,DBO,Matt Galaska,KL,2024_05_21,Qiagen DNeasy Blood and Tissue w/ EconoSpin column,vial,100,34_2024,E7
e04156,e1933,2023,9,21,DBO_5.7,DBO_5,NA,-157.672,71.5,sample,76,1,niskin bottle,Sterivex,0.22,95% ethanol,,DBO,Matt Galaska,KL,2024_05_21,Qiagen DNeasy Blood and Tissue w/ EconoSpin column,vial,100,34_2024,F7
e04157,e1934,2023,9,21,DBO_5.7,DBO_5,NA,-157.672,71.5,sample,30,1,niskin bottle,Sterivex,0.22,95% ethanol,,DBO,Matt Galaska,KL,2024_05_21,Qiagen DNeasy Blood and Tissue w/ EconoSpin column,vial,100,34_2024,G7
e04158,e1935,2023,9,21,DBO_5.7,DBO_5,NA,-157.672,71.5,sample,10,1,niskin bottle,Sterivex,0.22,95% ethanol,,DBO,Matt Galaska,KL,2024_05_21,Qiagen DNeasy Blood and Tissue w/ EconoSpin column,vial,100,34_2024,H7
e04159,e1936,2023,9,21,DBO_5.8,DBO_5,NA,-157.753,71.537,sample,65.5,1,niskin bottle,Sterivex,0.22,95% ethanol,,DBO,Matt Galaska,KL,2024_05_21,Qiagen DNeasy Blood and Tissue w/ EconoSpin column,vial,100,34_2024,A8
e04160,e1937,2023,9,21,DBO_5.8,DBO_5,NA,-157.753,71.537,sample,30,1,niskin bottle,Sterivex,0.22,95% ethanol,,DBO,Matt Galaska,KL,2024_05_21,Qiagen DNeasy Blood and Tissue w/ EconoSpin column,vial,100,34_2024,B8
e04161,e1938,2023,9,21,DBO_5.8,DBO_5,NA,-157.753,71.537,sample,10,1,niskin bottle,Sterivex,0.22,95% ethanol,,DBO,Matt Galaska,KL,2024_05_21,Qiagen DNeasy Blood and Tissue w/ EconoSpin column,vial,100,34_2024,C8
e04162,e1939,2023,9,21,DBO_5.9,DBO_5,NA,-157.838,71.578,sample,59.5,1,niskin bottle,Sterivex,0.22,95% ethanol,,DBO,Matt Galaska,KL,2024_05_21,Qiagen DNeasy Blood and Tissue w/ EconoSpin column,vial,100,34_2024,D8
e04163,e1940,2023,9,21,DBO_5.9,DBO_5,NA,-157.838,71.578,sample,30,1,niskin bottle,Sterivex,0.22,95% ethanol,,DBO,Matt Galaska,KL,2024_05_21,Qiagen DNeasy Blood and Tissue w/ EconoSpin column,vial,100,34_2024,E8
e04164,e1941,2023,9,21,DBO_5.9,DBO_5,NA,-157.838,71.578,sample,10,1,niskin bottle,Sterivex,0.22,95% ethanol,,DBO,Matt Galaska,KL,2024_05_21,Qiagen DNeasy Blood and Tissue w/ EconoSpin column,vial,100,34_2024,F8
e04165,e1942,2023,9,21,DBO_5.10,DBO_5,NA,-157.925,71.62,sample,57,1,niskin bottle,Sterivex,0.22,95% ethanol,,DBO,Matt Galaska,KL,2024_05_07,Qiagen DNeasy Blood and Tissue w/ EconoSpin column,vial,100,34_2024,G8
e04166,e1943,2023,9,21,DBO_5.10,DBO_5,NA,-157.925,71.62,sample,30,1,niskin bottle,Sterivex,0.22,95% ethanol,,DBO,Matt Galaska,KL,2024_05_07,Qiagen DNeasy Blood and Tissue w/ EconoSpin column,vial,100,34_2024,H8
e04167,e1944,2023,9,21,DBO_5.10,DBO_5,NA,-157.925,71.62,sample,10,1,niskin bottle,Sterivex,0.22,95% ethanol,,DBO,Matt Galaska,KL,2024_05_07,Qiagen DNeasy Blood and Tissue w/ EconoSpin column,vial,100,34_2024,A9
e04168,e1945,2023,9,21,BF2,BF2,NA,-154.46115,71.75125,sample,79,1,niskin bottle,Sterivex,0.22,95% ethanol,,DBO,Matt Galaska,KL,2024_05_07,Qiagen DNeasy Blood and Tissue w/ EconoSpin column,vial,100,34_2024,B9
e04169,e1946,2023,9,21,BF2,BF2,NA,-154.46115,71.75125,sample,30,1,niskin bottle,Sterivex,0.22,95% ethanol,,DBO,Matt Galaska,KL,2024_05_07,Qiagen DNeasy Blood and Tissue w/ EconoSpin column,vial,100,34_2024,C9
e04170,e1947,2023,9,21,BF2,BF2,NA,-154.46115,71.75125,sample,10,1,niskin bottle,Sterivex,0.22,95% ethanol,,DBO,Matt Galaska,KL,2024_05_07,Qiagen DNeasy Blood and Tissue w/ EconoSpin column,vial,100,34_2024,D9
e04171,e1948,2023,9,22,CK9,CK9,NA,-156.55,72.46666667,sample,993,1,niskin bottle,Sterivex,0.22,95% ethanol,,DBO,Matt Galaska,KL,2024_05_07,Qiagen DNeasy Blood and Tissue w/ EconoSpin column,vial,100,34_2024,E9
e04172,e1949,2023,9,22,CK9,CK9,NA,-156.55,72.46666667,sample,505,1,niskin bottle,Sterivex,0.22,95% ethanol,,DBO,Matt Galaska,KL,2024_05_07,Qiagen DNeasy Blood and Tissue w/ EconoSpin column,vial,100,34_2024,F9
e04173,e1950,2023,9,22,CK9,CK9,NA,-156.55,72.46666667,sample,100,1,niskin bottle,Sterivex,0.22,95% ethanol,,DBO,Matt Galaska,KL,2024_05_17,Qiagen DNeasy Blood and Tissue w/ EconoSpin column,vial,100,34_2024,G9
e04174,e1951,2023,9,22,CK9,CK9,NA,-156.55,72.46666667,sample,30,1,niskin bottle,Sterivex,0.22,95% ethanol,,DBO,Matt Galaska,KL,2024_05_17,Qiagen DNeasy Blood and Tissue w/ EconoSpin column,vial,100,34_2024,H9
e04175,e1952,2023,9,22,CK9,CK9,NA,-156.55,72.46666667,sample,10,1,niskin bottle,Sterivex,0.22,95% ethanol,,DBO,Matt Galaska,KL,2024_05_17,Qiagen DNeasy Blood and Tissue w/ EconoSpin column,vial,100,34_2024,A10
e04176,e1953,2023,9,23,DBO_4.1n,DBO_4,NA,-160.27,71.194,sample,49.2,1,niskin bottle,Sterivex,0.22,95% ethanol,,DBO,Matt Galaska,KL,2024_05_17,Qiagen DNeasy Blood and Tissue w/ EconoSpin column,vial,100,34_2024,B10
e04177,e1954,2023,9,23,DBO_4.1n,DBO_4,NA,-160.27,71.194,sample,30,1,niskin bottle,Sterivex,0.22,95% ethanol,,DBO,Matt Galaska,KL,2024_05_17,Qiagen DNeasy Blood and Tissue w/ EconoSpin column,vial,100,34_2024,C10
e04178,e1955,2023,9,23,DBO_4.1n,DBO_4,NA,-160.27,71.194,sample,10,1,niskin bottle,Sterivex,0.22,95% ethanol,,DBO,Matt Galaska,KL,2024_05_17,Qiagen DNeasy Blood and Tissue w/ EconoSpin column,vial,100,34_2024,D10
e04179,e1956,2023,9,23,DBO_4.2n,DBO_4,NA,-160.6515,71.32183333,sample,43.2,1,niskin bottle,Sterivex,0.22,95% ethanol,,DBO,Matt Galaska,KL,2024_05_15,Qiagen DNeasy Blood and Tissue w/ EconoSpin column,vial,100,34_2024,E10
e04180,e1957,2023,9,23,DBO_4.2n,DBO_4,NA,-160.6515,71.32183333,sample,30,1,niskin bottle,Sterivex,0.22,95% ethanol,,DBO,Matt Galaska,KL,2024_05_15,Qiagen DNeasy Blood and Tissue w/ EconoSpin column,vial,100,34_2024,F10
e04181,e1958,2023,9,23,DBO_4.2n,DBO_4,NA,-160.6515,71.32183333,sample,10,1,niskin bottle,Sterivex,0.22,95% ethanol,,DBO,Matt Galaska,KL,2024_05_17,Qiagen DNeasy Blood and Tissue w/ EconoSpin column,vial,100,34_2024,G10
e04182,e1959,2023,9,23,DBO_4.3n,DBO_4,NA,-161.03895,71.45425,sample,42.1,1,niskin bottle,Sterivex,0.22,95% ethanol,,DBO,Matt Galaska,KL,2024_05_15,Qiagen DNeasy Blood and Tissue w/ EconoSpin column,vial,100,34_2024,H10
e04183,e1960,2023,9,23,DBO_4.3n,DBO_4,NA,-161.03895,71.45425,sample,30,1,niskin bottle,Sterivex,0.22,95% ethanol,,DBO,Matt Galaska,KL,2024_05_15,Qiagen DNeasy Blood and Tissue w/ EconoSpin column,vial,100,34_2024,A11
e04184,e1961,2023,9,23,DBO_4.3n,DBO_4,NA,-161.03895,71.45425,sample,10,1,niskin bottle,Sterivex,0.22,95% ethanol,,DBO,Matt Galaska,KL,2024_05_15,Qiagen DNeasy Blood and Tissue w/ EconoSpin column,vial,100,34_2024,B11
e04185,e1962,2023,9,24,DBO_4.4n,DBO_4,NA,-161.402,71.588,sample,42.4,1,niskin bottle,Sterivex,0.22,95% ethanol,,DBO,Matt Galaska,KL,2024_05_15,Qiagen DNeasy Blood and Tissue w/ EconoSpin column,vial,100,34_2024,C11
e04186,e1963,2023,9,24,DBO_4.4n,DBO_4,NA,-161.402,71.588,sample,30,1,niskin bottle,Sterivex,0.22,95% ethanol,,DBO,Matt Galaska,KL,2024_05_15,Qiagen DNeasy Blood and Tissue w/ EconoSpin column,vial,100,34_2024,D11
e04187,e1964,2023,9,24,DBO_4.4n,DBO_4,NA,-161.402,71.588,sample,10,1,niskin bottle,Sterivex,0.22,95% ethanol,,DBO,Matt Galaska,KL,2024_05_15,Qiagen DNeasy Blood and Tissue w/ EconoSpin column,vial,100,34_2024,E11
e04188,e1965,2023,9,24,DBO_4.5n,DBO_4,NA,-161.774,71.72,sample,38.2,1,niskin bottle,Sterivex,0.22,95% ethanol,,DBO,Matt Galaska,KL,2024_05_15,Qiagen DNeasy Blood and Tissue w/ EconoSpin column,vial,100,34_2024,F11
e04189,e1966,2023,9,24,DBO_4.5n,DBO_4,NA,-161.774,71.72,sample,30,1,niskin bottle,Sterivex,0.22,95% ethanol,,DBO,Matt Galaska,KL,2024_05_15,Qiagen DNeasy Blood and Tissue w/ EconoSpin column,vial,100,34_2024,G11
e04190,e1967,2023,9,24,DBO_4.5n,DBO_4,NA,-161.774,71.72,sample,10,1,niskin bottle,Sterivex,0.22,95% ethanol,,DBO,Matt Galaska,KL,2024_05_15,Qiagen DNeasy Blood and Tissue w/ EconoSpin column,vial,100,34_2024,H11
e04191,e1968,2023,9,24,DBO_4.6n,DBO_4,NA,-162.1568333,71.85005,sample,36.2,1,niskin bottle,Sterivex,0.22,95% ethanol,,DBO,Matt Galaska,KL,2024_05_21,Qiagen DNeasy Blood and Tissue w/ EconoSpin column,vial,100,34_2024,A12
e04192,e1969,2023,9,24,DBO_4.6n,DBO_4,NA,-162.1568333,71.85005,sample,30,1,niskin bottle,Sterivex,0.22,95% ethanol,,DBO,Matt Galaska,KL,2024_05_21,Qiagen DNeasy Blood and Tissue w/ EconoSpin column,vial,100,34_2024,B12
e04193,e1970,2023,9,24,DBO_4.6n,DBO_4,NA,-162.1568333,71.85005,sample,10,1,niskin bottle,Sterivex,0.22,95% ethanol,,DBO,Matt Galaska,KL,2024_05_21,Qiagen DNeasy Blood and Tissue w/ EconoSpin column,vial,100,34_2024,C12
e04194,e1971,2023,9,26,IC_11,IC,NA,-162.4907667,70.57966667,sample,34.2,1,niskin bottle,Sterivex,0.22,95% ethanol,,DBO,Matt Galaska,KL,2024_05_21,Qiagen DNeasy Blood and Tissue w/ EconoSpin column,vial,100,34_2024,D12
e04195,e1972,2023,9,26,IC_11,IC,NA,-162.4907667,70.57966667,sample,10,1,niskin bottle,Sterivex,0.22,95% ethanol,,DBO,Matt Galaska,KL,2024_05_21,Qiagen DNeasy Blood and Tissue w/ EconoSpin column,vial,100,34_2024,E12
e04196,e1973,2023,9,26,IC_10,IC,NA,-162.8565,70.7172,sample,37.1,1,niskin bottle,Sterivex,0.22,95% ethanol,,DBO,Matt Galaska,KL,2024_05_21,Qiagen DNeasy Blood and Tissue w/ EconoSpin column,vial,100,34_2024,F12
e04197,e1974,2023,9,26,IC_10,IC,NA,-162.8565,70.7172,sample,10,1,niskin bottle,Sterivex,0.22,95% ethanol,,DBO,Matt Galaska,KL,2024_05_17,Qiagen DNeasy Blood and Tissue w/ EconoSpin column,vial,100,35_2024,A1
e04198,e1975,2023,9,26,IC_9,IC,NA,-163.1872,70.849,sample,39.3,1,niskin bottle,Sterivex,0.22,95% ethanol,,DBO,Matt Galaska,KL,2024_05_17,Qiagen DNeasy Blood and Tissue w/ EconoSpin column,vial,100,35_2024,B1
e04199,e1976,2023,9,26,IC_9,IC,NA,-163.1872,70.849,sample,10,1,niskin bottle,Sterivex,0.22,95% ethanol,,DBO,Matt Galaska,KL,2024_05_21,Qiagen DNeasy Blood and Tissue w/ EconoSpin column,vial,100,35_2024,C1
e04200,e1977,2023,9,26,IC_8,IC,NA,-163.5642,70.9725,sample,40.2,1,niskin bottle,Sterivex,0.22,95% ethanol,,DBO,Matt Galaska,KL,2024_05_17,Qiagen DNeasy Blood and Tissue w/ EconoSpin column,vial,100,35_2024,D1
e04201,e1978,2023,9,26,IC_8,IC,NA,-163.5642,70.9725,sample,30,1,niskin bottle,Sterivex,0.22,95% ethanol,,DBO,Matt Galaska,KL,2024_05_17,Qiagen DNeasy Blood and Tissue w/ EconoSpin column,vial,100,35_2024,E1
e04202,e1979,2023,9,26,IC_8,IC,NA,-163.5642,70.9725,sample,10,1,niskin bottle,Sterivex,0.22,95% ethanol,,DBO,Matt Galaska,KL,2024_05_17,Qiagen DNeasy Blood and Tissue w/ EconoSpin column,vial,100,35_2024,F1
e04203,e1980,2023,9,26,IC_7,IC,NA,-163.8018,71.0847,sample,38.1,1,niskin bottle,Sterivex,0.22,95% ethanol,,DBO,Matt Galaska,KL,2024_05_17,Qiagen DNeasy Blood and Tissue w/ EconoSpin column,vial,100,35_2024,G1
e04204,e1981,2023,9,26,IC_7,IC,NA,-163.8018,71.0847,sample,10.4,1,niskin bottle,Sterivex,0.22,95% ethanol,,DBO,Matt Galaska,KL,2024_05_17,Qiagen DNeasy Blood and Tissue w/ EconoSpin column,vial,100,35_2024,H1
e04205,e1982,2023,9,26,IC_6,IC,NA,-164.2018,71.195,sample,39.1,1,niskin bottle,Sterivex,0.22,95% ethanol,,DBO,Matt Galaska,KL,2024_05_15,Qiagen DNeasy Blood and Tissue w/ EconoSpin column,vial,100,35_2024,A2
e04206,e1983,2023,9,26,IC_6,IC,NA,-164.2018,71.195,sample,10,1,niskin bottle,Sterivex,0.22,95% ethanol,,DBO,Matt Galaska,KL,2024_05_17,Qiagen DNeasy Blood and Tissue w/ EconoSpin column,vial,100,35_2024,B2
e04207,e1984,2023,9,27,IC_5,IC,NA,-164.6117,71.3367,sample,39.1,1,niskin bottle,Sterivex,0.22,95% ethanol,,DBO,Matt Galaska,KL,2024_05_15,Qiagen DNeasy Blood and Tissue w/ EconoSpin column,vial,100,35_2024,C2
e04208,e1985,2023,9,27,IC_5,IC,NA,-164.6117,71.3367,sample,10,1,niskin bottle,Sterivex,0.22,95% ethanol,,DBO,Matt Galaska,KL,2024_05_17,Qiagen DNeasy Blood and Tissue w/ EconoSpin column,vial,100,35_2024,D2
e04209,e1986,2023,9,27,IC_4,IC,NA,-164.919,71.4485,sample,37.1,1,niskin bottle,Sterivex,0.22,95% ethanol,,DBO,Matt Galaska,KL,2024_05_15,Qiagen DNeasy Blood and Tissue w/ EconoSpin column,vial,100,35_2024,E2
e04210,e1987,2023,9,27,IC_4,IC,NA,-164.919,71.4485,sample,10,1,niskin bottle,Sterivex,0.22,95% ethanol,,DBO,Matt Galaska,KL,2024_05_17,Qiagen DNeasy Blood and Tissue w/ EconoSpin column,vial,100,35_2024,F2
e04211,e1988,2023,9,27,IC_3,IC,NA,-165.3038167,71.60053333,sample,37.3,1,niskin bottle,Sterivex,0.22,95% ethanol,,DBO,Matt Galaska,KL,2024_05_17,Qiagen DNeasy Blood and Tissue w/ EconoSpin column,vial,100,35_2024,G2
e04212,e1989,2023,9,27,IC_3,IC,NA,-165.3038167,71.60053333,sample,10,1,niskin bottle,Sterivex,0.22,95% ethanol,,DBO,Matt Galaska,KL,2024_05_17,Qiagen DNeasy Blood and Tissue w/ EconoSpin column,vial,100,35_2024,H2
e04213,e1990,2023,9,27,IC_2,IC,NA,-165.6028,71.7052,sample,36.2,1,niskin bottle,Sterivex,0.22,95% ethanol,,DBO,Matt Galaska,KL,2024_05_17,Qiagen DNeasy Blood and Tissue w/ EconoSpin column,vial,100,35_2024,A3
e04214,e1991,2023,9,27,IC_2,IC,NA,-165.6028,71.7052,sample,10,1,niskin bottle,Sterivex,0.22,95% ethanol,,DBO,Matt Galaska,KL,2024_05_17,Qiagen DNeasy Blood and Tissue w/ EconoSpin column,vial,100,35_2024,B3
e04215,e1992,2023,9,27,IC_1,IC,NA,-165.9698,71.8302,sample,39.1,1,niskin bottle,Sterivex,0.22,95% ethanol,,DBO,Matt Galaska,KL,2024_05_17,Qiagen DNeasy Blood and Tissue w/ EconoSpin column,vial,100,35_2024,C3
e04216,e1993,2023,9,27,IC_1,IC,NA,-165.9698,71.8302,sample,10,1,niskin bottle,Sterivex,0.22,95% ethanol,,DBO,Matt Galaska,KL,2024_05_17,Qiagen DNeasy Blood and Tissue w/ EconoSpin column,vial,100,35_2024,D3
e04217,e1994,2023,9,29,DBO_3.8,DBO_3,NA,-168.948,67.67653333,sample,45.5,1,niskin bottle,Sterivex,0.22,95% ethanol,,DBO,Matt Galaska,KL,2024_05_28,Qiagen DNeasy Blood and Tissue w/ EconoSpin column,vial,100,35_2024,E3
e04218,e1995,2023,9,29,DBO_3.8,DBO_3,NA,-168.948,67.67653333,sample,30,1,niskin bottle,Sterivex,0.22,95% ethanol,,DBO,Matt Galaska,KL,2024_05_28,Qiagen DNeasy Blood and Tissue w/ EconoSpin column,vial,100,35_2024,F3
e04219,e1996,2023,9,29,DBO_3.8,DBO_3,NA,-168.948,67.67653333,sample,10,1,niskin bottle,Sterivex,0.22,95% ethanol,,DBO,Matt Galaska,KL,2024_05_28,Qiagen DNeasy Blood and Tissue w/ EconoSpin column,vial,100,35_2024,G3
e04220,e1997,2023,9,29,DBO_3.7,DBO_3,NA,-168.596,67.78333333,sample,45.4,1,niskin bottle,Sterivex,0.22,95% ethanol,,DBO,Matt Galaska,KL,2024_05_28,Qiagen DNeasy Blood and Tissue w/ EconoSpin column,vial,100,35_2024,H3
e04221,e1998,2023,9,29,DBO_3.7,DBO_3,NA,-168.596,67.78333333,sample,30.2,1,niskin bottle,Sterivex,0.22,95% ethanol,,DBO,Matt Galaska,KL,2024_05_28,Qiagen DNeasy Blood and Tissue w/ EconoSpin column,vial,100,35_2024,A4
e04222,e1999,2023,9,29,DBO_3.7,DBO_3,NA,-168.596,67.78333333,sample,10,1,niskin bottle,Sterivex,0.22,95% ethanol,,DBO,Matt Galaska,KL,2024_05_28,Qiagen DNeasy Blood and Tissue w/ EconoSpin column,vial,100,35_2024,B4
e04223,e2000,2023,9,29,DBO_3.6,DBO_3,NA,-168.234,67.8975,sample,53.5,1,niskin bottle,Sterivex,0.22,95% ethanol,,DBO,Matt Galaska,KL,2024_05_28,Qiagen DNeasy Blood and Tissue w/ EconoSpin column,vial,100,35_2024,C4
e04224,e2001,2023,9,29,DBO_3.6,DBO_3,NA,-168.234,67.8975,sample,30,1,niskin bottle,Sterivex,0.22,95% ethanol,,DBO,Matt Galaska,KL,2024_05_28,Qiagen DNeasy Blood and Tissue w/ EconoSpin column,vial,100,35_2024,D4
e04225,e2002,2023,9,29,DBO_3.6,DBO_3,NA,-168.234,67.8975,sample,10,1,niskin bottle,Sterivex,0.22,95% ethanol,,DBO,Matt Galaska,KL,2024_05_28,Qiagen DNeasy Blood and Tissue w/ EconoSpin column,vial,100,35_2024,E4
e04226,e2003,2023,10,1,DBO_3.4,DBO_3,NA,-167.4869667,67.1329,sample,44,1,niskin bottle,Sterivex,0.22,95% ethanol,,DBO,Matt Galaska,KL,2024_05_28,Qiagen DNeasy Blood and Tissue w/ EconoSpin column,vial,100,35_2024,F4
e04227,e2004,2023,10,1,DBO_3.4,DBO_3,NA,-167.4869667,67.1329,sample,30,1,niskin bottle,Sterivex,0.22,95% ethanol,,DBO,Matt Galaska,KL,2024_05_28,Qiagen DNeasy Blood and Tissue w/ EconoSpin column,vial,100,35_2024,G4
e04228,e2005,2023,10,1,DBO_3.4,DBO_3,NA,-167.4869667,67.1329,sample,10,1,niskin bottle,Sterivex,0.22,95% ethanol,,DBO,Matt Galaska,KL,2024_05_28,Qiagen DNeasy Blood and Tissue w/ EconoSpin column,vial,100,35_2024,H4
e04229,e2006,2023,10,1,DBO_3.5,DBO_3,NA,-167.875,67.013,sample,47.4,1,niskin bottle,Sterivex,0.22,95% ethanol,,DBO,Matt Galaska,KL,2024_05_28,Qiagen DNeasy Blood and Tissue w/ EconoSpin column,vial,100,35_2024,A5
e04230,e2007,2023,10,1,DBO_3.5,DBO_3,NA,-167.875,67.013,sample,30,1,niskin bottle,Sterivex,0.22,95% ethanol,,DBO,Matt Galaska,KL,2024_05_28,Qiagen DNeasy Blood and Tissue w/ EconoSpin column,vial,100,35_2024,B5
e04231,e2008,2023,10,1,DBO_3.5,DBO_3,NA,-167.875,67.013,sample,10,1,niskin bottle,Sterivex,0.22,95% ethanol,,DBO,Matt Galaska,KL,2024_05_28,Qiagen DNeasy Blood and Tissue w/ EconoSpin column,vial,100,35_2024,C5
e04232,e2009,2023,10,1,DBO_3.3,DBO_3,NA,-167.2949667,68.18673333,sample,42,1,niskin bottle,Sterivex,0.22,95% ethanol,,DBO,Matt Galaska,KL,2024_05_28,Qiagen DNeasy Blood and Tissue w/ EconoSpin column,vial,100,35_2024,D5
e04233,e2010,2023,10,1,DBO_3.3,DBO_3,NA,-167.2949667,68.18673333,sample,30,1,niskin bottle,Sterivex,0.22,95% ethanol,,DBO,Matt Galaska,KL,2024_05_28,Qiagen DNeasy Blood and Tissue w/ EconoSpin column,vial,100,35_2024,E5
e04234,e2011,2023,10,1,DBO_3.3,DBO_3,NA,-167.2949667,68.18673333,sample,10,1,niskin bottle,Sterivex,0.22,95% ethanol,,DBO,Matt Galaska,KL,2024_05_28,Qiagen DNeasy Blood and Tissue w/ EconoSpin column,vial,100,35_2024,F5
e04235,e2012,2023,10,1,DBO_3.2,DBO_3,NA,-167.122,68.24683333,sample,38.3,1,niskin bottle,Sterivex,0.22,95% ethanol,,DBO,Matt Galaska,KL,2024_05_28,Qiagen DNeasy Blood and Tissue w/ EconoSpin column,vial,100,35_2024,G5
e04236,e2013,2023,10,1,DBO_3.2,DBO_3,NA,-167.122,68.24683333,sample,10,1,niskin bottle,Sterivex,0.22,95% ethanol,,DBO,Matt Galaska,KL,2024_05_28,Qiagen DNeasy Blood and Tissue w/ EconoSpin column,vial,100,35_2024,H5
e04237,e2014,2023,10,2,DBO_3.1,DBO_3,NA,-166.924,68.30416667,sample,30,1,niskin bottle,Sterivex,0.22,95% ethanol,,DBO,Matt Galaska,KL,2024_05_28,Qiagen DNeasy Blood and Tissue w/ EconoSpin column,vial,100,35_2024,A6
e04238,e2015,2023,10,2,DBO_3.1,DBO_3,NA,-166.924,68.30416667,sample,10,1,niskin bottle,Sterivex,0.22,95% ethanol,,DBO,Matt Galaska,KL,2024_05_28,Qiagen DNeasy Blood and Tissue w/ EconoSpin column,vial,100,35_2024,B6
e04239,e2016,2023,10,2,BS_8,BS,NA,-168.8396833,65.78238333,sample,43.2,1,niskin bottle,Sterivex,0.22,95% ethanol,,DBO,Matt Galaska,KL,2024_05_25,Qiagen DNeasy Blood and Tissue w/ EconoSpin column,vial,100,35_2024,C6
e04240,e2017,2023,10,2,BS_8,BS,NA,-168.8396833,65.78238333,sample,30,1,niskin bottle,Sterivex,0.22,95% ethanol,,DBO,Matt Galaska,KL,2024_05_25,Qiagen DNeasy Blood and Tissue w/ EconoSpin column,vial,100,35_2024,D6
e04241,e2018,2023,10,2,BS_8,BS,NA,-168.8396833,65.78238333,sample,10,1,niskin bottle,Sterivex,0.22,95% ethanol,,DBO,Matt Galaska,KL,2024_05_25,Qiagen DNeasy Blood and Tissue w/ EconoSpin column,vial,100,35_2024,E6
e04242,e2019,2023,10,2,BS_6,BS,NA,-168.65,65.7375,sample,46.3,1,niskin bottle,Sterivex,0.22,95% ethanol,,DBO,Matt Galaska,KL,2024_05_25,Qiagen DNeasy Blood and Tissue w/ EconoSpin column,vial,100,35_2024,F6
e04243,e2020,2023,10,2,BS_6,BS,NA,-168.65,65.7375,sample,30,1,niskin bottle,Sterivex,0.22,95% ethanol,,DBO,Matt Galaska,KL,2024_05_25,Qiagen DNeasy Blood and Tissue w/ EconoSpin column,vial,100,35_2024,G6
e04244,e2021,2023,9,2,BS_6,BS,NA,-168.65,65.7375,sample,10,1,niskin bottle,Sterivex,0.22,95% ethanol,,DBO,Matt Galaska,KL,2024_05_25,Qiagen DNeasy Blood and Tissue w/ EconoSpin column,vial,100,35_2024,H6
e04245,e2022,2023,9,3,BS_3,BS,NA,-168.3679,65.66991667,sample,47.8,1,niskin bottle,Sterivex,0.22,95% ethanol,,DBO,Matt Galaska,KL,2024_05_25,Qiagen DNeasy Blood and Tissue w/ EconoSpin column,vial,100,35_2024,A7
e04246,e2023,2023,9,3,BS_3,BS,NA,-168.3679,65.66991667,sample,30,1,niskin bottle,Sterivex,0.22,95% ethanol,,DBO,Matt Galaska,KL,2024_05_25,Qiagen DNeasy Blood and Tissue w/ EconoSpin column,vial,100,35_2024,B7
e04247,e2024,2023,9,3,BS_3,BS,NA,-168.3679,65.66991667,sample,10,1,niskin bottle,Sterivex,0.22,95% ethanol,,DBO,Matt Galaska,KL,2024_05_25,Qiagen DNeasy Blood and Tissue w/ EconoSpin column,vial,100,35_2024,C7
e04248,e2025,2023,9,3,BS_1,BS,NA,-168.1528333,65.61833333,sample,24.2,1,niskin bottle,Sterivex,0.22,95% ethanol,,DBO,Matt Galaska,KL,2024_05_25,Qiagen DNeasy Blood and Tissue w/ EconoSpin column,vial,100,35_2024,D7
e04249,e2026,2023,9,3,BS_1,BS,NA,-168.1528333,65.61833333,sample,10,1,niskin bottle,Sterivex,0.22,95% ethanol,,DBO,Matt Galaska,KL,2024_05_25,Qiagen DNeasy Blood and Tissue w/ EconoSpin column,vial,100,35_2024,E7
e04250,NC5,2023,NA,NA,NA,NA,NA,NA,NA,extraction_blank,NA,NA,NA,NA,NA,NA,NA,DBO,Matt Galaska,KL,2024_05_28,Qiagen DNeasy Blood and Tissue w/ EconoSpin column,vial,100,35_2024,F7
e04251,e2028,2023,10,2,NA,NA,NA,NA,NA,field_blank,NA,1,NA,Sterivex,0.22,95% ethanol,,DBO,Matt Galaska,KL,2024_05,Qiagen DNeasy Blood and Tissue w/ EconoSpin column,vial,100,35_2024,G7
e04252,e2029,2023,9,21,NA,NA,NA,NA,NA,field_blank,NA,1,NA,Sterivex,0.22,95% ethanol,,DBO,Matt Galaska,KL,2024_05,Qiagen DNeasy Blood and Tissue w/ EconoSpin column,vial,100,35_2024,H7
e04253,e2030,2023,11,14,NA,NA,NA,NA,NA,field_blank,NA,1,NA,Sterivex,0.22,95% ethanol,,DBO,Matt Galaska,KL,2024_05,Qiagen DNeasy Blood and Tissue w/ EconoSpin column,vial,100,35_2024,A8
e04254,NC1,2023,NA,NA,NA,NA,NA,NA,NA,extraction_blank,NA,NA,NA,NA,NA,NA,NA,DBO,Matt Galaska,KL,2024_05_07,Qiagen DNeasy Blood and Tissue w/ EconoSpin column,vial,100,35_2024,B8
e04255,NC2,2023,NA,NA,NA,NA,NA,NA,NA,extraction_blank,NA,NA,NA,NA,NA,NA,NA,DBO,Matt Galaska,KL,2024_05_15,Qiagen DNeasy Blood and Tissue w/ EconoSpin column,vial,100,35_2024,C8
e04256,NC3,2023,NA,NA,NA,NA,NA,NA,NA,extraction_blank,NA,NA,NA,NA,NA,NA,NA,DBO,Matt Galaska,KL,2024_05_17,Qiagen DNeasy Blood and Tissue w/ EconoSpin column,vial,100,35_2024,D8
e04257,NC4,2023,NA,NA,NA,NA,NA,NA,NA,extraction_blank,NA,NA,NA,NA,NA,NA,NA,DBO,Matt Galaska,KL,2024_05_21,Qiagen DNeasy Blood and Tissue w/ EconoSpin column,vial,100,35_2024,E8
e04258,e1877,2023,9,14,M8,M8,NA,-174.6735,62.19491667,sample,67.7,1,niskin bottle,Sterivex,0.22,95% ethanol,,DBO,Matt Galaska,KL,2024_05_08,Qiagen DNeasy Blood and Tissue w/ EconoSpin column,vial,100,35_2024,F8
e04259,e1878,2023,9,14,M8,M8,NA,-174.6735,62.19491667,sample,30,1,niskin bottle,Sterivex,0.22,95% ethanol,,DBO,Matt Galaska,KL,2024_05_08,Qiagen DNeasy Blood and Tissue w/ EconoSpin column,vial,100,35_2024,G8
e04260,e1879,2023,9,14,M8,M8,NA,-174.6735,62.19491667,sample,10,1,niskin bottle,Sterivex,0.22,95% ethanol,,DBO,Matt Galaska,KL,2024_05_08,Qiagen DNeasy Blood and Tissue w/ EconoSpin column,vial,100,35_2024,H8
