"ABL_ID","Balaena mysticetus","Balaenoptera acutorostrata","Balaenoptera physalus","Delphinapterus leucas","Erignathus barbatus","Eschrichtius robustus","Lagenorhynchus obliquidens","Megaptera novaeangliae","Odobenus rosmarus","Phoca","Phoca fasciata","Phocoena phocoena","Pusa hispida","PMEL_ID","source","collection_year","collection_month","collection_day","location1","location2","location3","longitude","latitude","sample_type","depth","sample_volume_liters","sample_collect_device","filter_type","filter_size_micrometer","filter_preservation","time_of_day","project","collected_by","extraction_by","extraction_date","extraction_kit","plate_or_vial","elution_volume_microliters","extraction_plate_ID","extraction_well_ID"
"E1053.SKQ2021",0,0,0,1369,5,0,0,0,0,0,0,0,0,"E1053.SKQ2021","water",2021,11,8,"DBO_3.8","DBO_3","Chukchi Sea",-168.9495,67.67663333,"sample","46",1,"niskin bottle","Sterivex",0.22,"95% ethanol","13:04","DBO","Matt Galaska","Matt Galaska","unknown","Qiagen DNeasy Blood and Tissue - spin columns","vial",100,"26_2023","A1"
"E1054.SKQ2021",0,0,0,0,0,0,0,0,0,0,0,0,0,"E1054.SKQ2021","water",2021,11,8,"DBO_3.8","DBO_3","Chukchi Sea",-168.9495,67.67663333,"sample","30",1,"niskin bottle","Sterivex",0.22,"95% ethanol","13:04","DBO","Matt Galaska","Matt Galaska","unknown","Qiagen DNeasy Blood and Tissue - spin columns","vial",100,"26_2023","B1"
"E1055.SKQ2021",0,0,0,0,0,0,0,0,24,0,0,0,0,"E1055.SKQ2021","water",2021,11,8,"DBO_3.8","DBO_3","Chukchi Sea",-168.9495,67.67663333,"sample","10",1,"niskin bottle","Sterivex",0.22,"95% ethanol","13:04","DBO","Matt Galaska","Matt Galaska","unknown","Qiagen DNeasy Blood and Tissue - spin columns","vial",100,"26_2023","C1"
"E1056.SKQ2021",0,0,0,794,0,658,0,0,0,0,0,0,0,"E1056.SKQ2021","water",2021,11,9,"DBO_4.1","DBO_4","Chukchi Sea",-160.2647333,71.19315,"sample","49",1,"niskin bottle","Sterivex",0.22,"95% ethanol","17:39","DBO","Matt Galaska","Matt Galaska","unknown","Qiagen DNeasy Blood and Tissue - spin columns","vial",100,"26_2023","D1"
"E1057.SKQ2021",0,0,0,0,0,0,0,0,0,0,0,0,0,"E1057.SKQ2021","water",2021,11,9,"DBO_4.1","DBO_4","Chukchi Sea",-160.2647333,71.19315,"sample","30",1,"niskin bottle","Sterivex",0.22,"95% ethanol","17:39","DBO","Matt Galaska","Matt Galaska","unknown","Qiagen DNeasy Blood and Tissue - spin columns","vial",100,"26_2023","E1"
"E1058.SKQ2021",0,0,0,0,0,0,0,0,0,0,0,4,0,"E1058.SKQ2021","water",2021,11,9,"DBO_4.1","DBO_4","Chukchi Sea",-160.2647333,71.19315,"sample","10",1,"niskin bottle","Sterivex",0.22,"95% ethanol","17:39","DBO","Matt Galaska","Matt Galaska","unknown","Qiagen DNeasy Blood and Tissue - spin columns","vial",100,"26_2023","F1"
"E1059.SKQ2021",0,0,0,0,158,0,0,0,0,0,0,0,0,"E1059.SKQ2021","water",2021,11,9,"DBO_4.2","DBO_4","Chukchi Sea",-160.6566667,71.3218,"sample","43",1,"niskin bottle","Sterivex",0.22,"95% ethanol","19:55","DBO","Matt Galaska","Matt Galaska","unknown","Qiagen DNeasy Blood and Tissue - spin columns","vial",100,"26_2023","G1"
"E1060.SKQ2021",0,0,0,1661,0,0,0,0,0,0,0,0,0,"E1060.SKQ2021","water",2021,11,9,"DBO_4.2","DBO_4","Chukchi Sea",-160.6566667,71.3218,"sample","30",1,"niskin bottle","Sterivex",0.22,"95% ethanol","19:55","DBO","Matt Galaska","Matt Galaska","unknown","Qiagen DNeasy Blood and Tissue - spin columns","vial",100,"26_2023","H1"
"E1061.SKQ2021",0,0,0,54,0,0,0,0,0,0,0,0,0,"E1061.SKQ2021","water",2021,11,9,"DBO_4.2","DBO_4","Chukchi Sea",-160.6566667,71.3218,"sample","10",1,"niskin bottle","Sterivex",0.22,"95% ethanol","19:55","DBO","Matt Galaska","Matt Galaska","unknown","Qiagen DNeasy Blood and Tissue - spin columns","vial",100,"26_2023","A2"
"E1062.SKQ2021",0,0,0,182,0,0,0,0,0,0,0,0,18,"E1062.SKQ2021","water",2021,11,9,"DBO_4.3","DBO_4","Chukchi Sea",-161.0393833,71.45433333,"sample","43",1,"niskin bottle","Sterivex",0.22,"95% ethanol","22:19","DBO","Matt Galaska","Matt Galaska","unknown","Qiagen DNeasy Blood and Tissue - spin columns","vial",100,"26_2023","B2"
"E1063.SKQ2021",0,0,0,1495,0,0,0,0,0,0,0,0,1694,"E1063.SKQ2021","water",2021,11,9,"DBO_4.3","DBO_4","Chukchi Sea",-161.0393833,71.45433333,"sample","30",1,"niskin bottle","Sterivex",0.22,"95% ethanol","22:19","DBO","Matt Galaska","Matt Galaska","unknown","Qiagen DNeasy Blood and Tissue - spin columns","vial",100,"26_2023","C2"
"E1064.SKQ2021",0,0,0,0,0,0,0,0,0,0,0,0,0,"E1064.SKQ2021","water",2021,11,9,"DBO_4.3","DBO_4","Chukchi Sea",-161.0393833,71.45433333,"sample","10",1,"niskin bottle","Sterivex",0.22,"95% ethanol","22:19","DBO","Matt Galaska","Matt Galaska","unknown","Qiagen DNeasy Blood and Tissue - spin columns","vial",100,"26_2023","D2"
"E1065.SKQ2021",0,0,0,44,0,0,0,0,0,0,0,0,0,"E1065.SKQ2021","water",2021,11,10,"DBO_4.4","DBO_4","Chukchi Sea",-161.4058333,71.589,"sample","43",1,"niskin bottle","Sterivex",0.22,"95% ethanol","1:26","DBO","Matt Galaska","Matt Galaska","unknown","Qiagen DNeasy Blood and Tissue - spin columns","vial",100,"26_2023","E2"
"E1066.SKQ2021",0,0,0,0,0,0,0,0,0,0,0,0,0,"E1066.SKQ2021","water",2021,11,10,"DBO_4.4","DBO_4","Chukchi Sea",-161.4058333,71.589,"sample","30",1,"niskin bottle","Sterivex",0.22,"95% ethanol","1:26","DBO","Matt Galaska","Matt Galaska","unknown","Qiagen DNeasy Blood and Tissue - spin columns","vial",100,"26_2023","F2"
"E1067.SKQ2021",0,0,0,114,0,0,0,0,0,0,0,0,0,"E1067.SKQ2021","water",2021,11,10,"DBO_4.4","DBO_4","Chukchi Sea",-161.4058333,71.589,"sample","10",1,"niskin bottle","Sterivex",0.22,"95% ethanol","1:26","DBO","Matt Galaska","Matt Galaska","unknown","Qiagen DNeasy Blood and Tissue - spin columns","vial",100,"26_2023","G2"
"E1068.SKQ2021",0,0,0,0,0,0,0,0,0,0,0,0,0,"E1068.SKQ2021","water",2021,11,10,"CEO","CEO","Chukchi Sea",-161.5248333,71.59083333,"sample","42",1,"niskin bottle","Sterivex",0.22,"95% ethanol","3:18","DBO","Matt Galaska","Matt Galaska","unknown","Qiagen DNeasy Blood and Tissue - spin columns","vial",100,"26_2023","H2"
"E1069.SKQ2021",0,0,0,0,0,0,0,0,5,0,0,0,139,"E1069.SKQ2021","water",2021,11,10,"CEO","CEO","Chukchi Sea",-161.5248333,71.59083333,"sample","30",1,"niskin bottle","Sterivex",0.22,"95% ethanol","3:18","DBO","Matt Galaska","Matt Galaska","unknown","Qiagen DNeasy Blood and Tissue - spin columns","vial",100,"26_2023","A3"
"E1070.SKQ2021",0,0,0,0,0,0,0,0,0,0,0,0,0,"E1070.SKQ2021","water",2021,11,10,"CEO","CEO","Chukchi Sea",-161.5248333,71.59083333,"sample","10",1,"niskin bottle","Sterivex",0.22,"95% ethanol","3:18","DBO","Matt Galaska","Matt Galaska","unknown","Qiagen DNeasy Blood and Tissue - spin columns","vial",100,"26_2023","B3"
"E1071.SKQ2021",0,0,0,68,13,0,0,0,682,0,0,0,0,"E1071.SKQ2021","water",2021,11,10,"DBO_4.5","DBO_4","Arctic Ocean",-161.7747167,71.71866667,"sample","39",1,"niskin bottle","Sterivex",0.22,"95% ethanol","5:34","DBO","Matt Galaska","Matt Galaska","unknown","Qiagen DNeasy Blood and Tissue - spin columns","vial",100,"26_2023","C3"
"E1072.SKQ2021",0,0,0,10,0,0,0,0,0,0,0,0,0,"E1072.SKQ2021","water",2021,11,10,"DBO_4.5","DBO_4","Arctic Ocean",-161.7747167,71.71866667,"sample","30",1,"niskin bottle","Sterivex",0.22,"95% ethanol","5:34","DBO","Matt Galaska","Matt Galaska","unknown","Qiagen DNeasy Blood and Tissue - spin columns","vial",100,"26_2023","D3"
"E1073.SKQ2021",0,0,0,0,0,0,0,0,0,0,0,0,0,"E1073.SKQ2021","water",2021,11,10,"DBO_4.5","DBO_4","Arctic Ocean",-161.7747167,71.71866667,"sample","10",1,"niskin bottle","Sterivex",0.22,"95% ethanol","5:34","DBO","Matt Galaska","Matt Galaska","unknown","Qiagen DNeasy Blood and Tissue - spin columns","vial",100,"26_2023","E3"
"E1074.SKQ2021",0,0,0,0,0,0,0,0,0,0,0,0,742,"E1074.SKQ2021","water",2021,11,10,"DBO_4.6","DBO_4","Arctic Ocean",-162.17025,71.8507,"sample","37",1,"niskin bottle","Sterivex",0.22,"95% ethanol","9:39","DBO","Matt Galaska","Matt Galaska","unknown","Qiagen DNeasy Blood and Tissue - spin columns","vial",100,"26_2023","F3"
"E1075.SKQ2021",0,0,0,0,0,0,0,0,0,0,0,0,35,"E1075.SKQ2021","water",2021,11,10,"DBO_4.6","DBO_4","Arctic Ocean",-162.17025,71.8507,"sample","31",1,"niskin bottle","Sterivex",0.22,"95% ethanol","9:39","DBO","Matt Galaska","Matt Galaska","unknown","Qiagen DNeasy Blood and Tissue - spin columns","vial",100,"26_2023","G3"
"E1076.SKQ2021",0,0,0,0,0,0,0,0,0,0,0,0,0,"E1076.SKQ2021","water",2021,11,10,"DBO_4.6","DBO_4","Arctic Ocean",-162.17025,71.8507,"sample","11",1,"niskin bottle","Sterivex",0.22,"95% ethanol","9:39","DBO","Matt Galaska","Matt Galaska","unknown","Qiagen DNeasy Blood and Tissue - spin columns","vial",100,"26_2023","H3"
"E1077.SKQ2021",19868,0,0,513,0,0,0,0,7,0,0,0,0,"E1077.SKQ2021","water",2021,11,10,"C2","C2","Chukchi Sea",-164,71,"sample","40",1,"niskin bottle","Sterivex",0.22,"95% ethanol","20:10","DBO","Matt Galaska","Matt Galaska","unknown","Qiagen DNeasy Blood and Tissue - spin columns","vial",100,"26_2023","A4"
"E1078.SKQ2021",28,0,0,1451,0,0,0,0,0,0,0,0,0,"E1078.SKQ2021","water",2021,11,10,"C2","C2","Chukchi Sea",-164,71,"sample","30",1,"niskin bottle","Sterivex",0.22,"95% ethanol","20:10","DBO","Matt Galaska","Matt Galaska","unknown","Qiagen DNeasy Blood and Tissue - spin columns","vial",100,"26_2023","B4"
"E1079.SKQ2021",69,0,0,1306,0,0,0,0,0,0,0,0,0,"E1079.SKQ2021","water",2021,11,10,"C2","C2","Chukchi Sea",-164,71,"sample","10",1,"niskin bottle","Sterivex",0.22,"95% ethanol","20:10","DBO","Matt Galaska","Matt Galaska","unknown","Qiagen DNeasy Blood and Tissue - spin columns","vial",100,"26_2023","C4"
"E1080.SKQ2021",0,0,0,2152,0,0,0,203,0,0,0,77,0,"E1080.SKQ2021","water",2021,11,11,"DBO_3.1","DBO_3","Chukchi Sea",-166.9293667,68.304,"sample","30",1,"niskin bottle","Sterivex",0.22,"95% ethanol","16:21","DBO","Matt Galaska","Matt Galaska","unknown","Qiagen DNeasy Blood and Tissue - spin columns","vial",100,"26_2023","D4"
"E1081.SKQ2021",0,0,0,3394,64,0,0,0,43,0,0,0,0,"E1081.SKQ2021","water",2021,11,11,"DBO_3.1","DBO_3","Chukchi Sea",-166.9293667,68.304,"sample","10",1,"niskin bottle","Sterivex",0.22,"95% ethanol","16:21","DBO","Matt Galaska","Matt Galaska","unknown","Qiagen DNeasy Blood and Tissue - spin columns","vial",100,"26_2023","E4"
"E1082.SKQ2021",0,0,0,19,0,0,0,0,0,0,0,0,0,"E1082.SKQ2021","water",2021,11,11,"DBO_3.2","DBO_3","Arctic Ocean",-167.12175,68.25066667,"sample","38",1,"niskin bottle","Sterivex",0.22,"95% ethanol","18:15","DBO","Matt Galaska","Matt Galaska","unknown","Qiagen DNeasy Blood and Tissue - spin columns","vial",100,"26_2023","F4"
"E1083.SKQ2021",0,0,0,3226,0,0,0,0,0,0,0,0,0,"E1083.SKQ2021","water",2021,11,11,"DBO_3.2","DBO_3","Arctic Ocean",-167.12175,68.25066667,"sample","31",1,"niskin bottle","Sterivex",0.22,"95% ethanol","18:15","DBO","Matt Galaska","Matt Galaska","unknown","Qiagen DNeasy Blood and Tissue - spin columns","vial",100,"26_2023","G4"
"E1084.SKQ2021",0,0,0,2368,0,0,0,0,873,0,0,0,0,"E1084.SKQ2021","water",2021,11,11,"DBO_3.2","DBO_3","Arctic Ocean",-167.12175,68.25066667,"sample","10",1,"niskin bottle","Sterivex",0.22,"95% ethanol","18:15","DBO","Matt Galaska","Matt Galaska","unknown","Qiagen DNeasy Blood and Tissue - spin columns","vial",100,"26_2023","H4"
"E1085.SKQ2021",0,0,0,844,0,0,0,0,0,0,0,0,0,"E1085.SKQ2021","water",2021,11,11,"DBO_3.3","DBO_3","Chukchi Sea",-167.2911667,68.19051667,"sample","43",1,"niskin bottle","Sterivex",0.22,"95% ethanol","20:26","DBO","Matt Galaska","Matt Galaska","unknown","Qiagen DNeasy Blood and Tissue - spin columns","vial",100,"26_2023","A5"
"E1086.SKQ2021",0,0,0,2862,97,0,0,200,0,0,0,0,0,"E1086.SKQ2021","water",2021,11,11,"DBO_3.3","DBO_3","Chukchi Sea",-167.2911667,68.19051667,"sample","30",1,"niskin bottle","Sterivex",0.22,"95% ethanol","20:26","DBO","Matt Galaska","Matt Galaska","unknown","Qiagen DNeasy Blood and Tissue - spin columns","vial",100,"26_2023","B5"
"E1087.SKQ2021",0,0,0,1026,0,78,0,0,218,0,0,0,116,"E1087.SKQ2021","water",2021,11,11,"DBO_3.3","DBO_3","Chukchi Sea",-167.2911667,68.19051667,"sample","10",1,"niskin bottle","Sterivex",0.22,"95% ethanol","20:26","DBO","Matt Galaska","Matt Galaska","unknown","Qiagen DNeasy Blood and Tissue - spin columns","vial",100,"26_2023","C5"
"E1088.SKQ2021",0,0,0,1295,0,92,0,531,0,0,0,0,12,"E1088.SKQ2021","water",2021,11,11,"DBO_3.4","DBO_3","Chukchi Sea",-167.4833333,68.11666667,"sample","45",1,"niskin bottle","Sterivex",0.22,"95% ethanol",NA,"DBO","Matt Galaska","Matt Galaska","unknown","Qiagen DNeasy Blood and Tissue - spin columns","vial",100,"26_2023","D5"
"E1089.SKQ2021",0,0,0,1161,0,0,0,635,0,0,0,0,0,"E1089.SKQ2021","water",2021,11,11,"DBO_3.4","DBO_3","Chukchi Sea",-167.4833333,68.11666667,"sample","30",1,"niskin bottle","Sterivex",0.22,"95% ethanol",NA,"DBO","Matt Galaska","Matt Galaska","unknown","Qiagen DNeasy Blood and Tissue - spin columns","vial",100,"26_2023","E5"
"E1090.SKQ2021",1053,0,0,1054,40,0,0,0,387,0,0,0,626,"E1090.SKQ2021","water",2021,11,11,"DBO_3.4","DBO_3","Chukchi Sea",-167.4833333,68.11666667,"sample","10",1,"niskin bottle","Sterivex",0.22,"95% ethanol",NA,"DBO","Matt Galaska","Matt Galaska","unknown","Qiagen DNeasy Blood and Tissue - spin columns","vial",100,"26_2023","F5"
"E1091.SKQ2021",0,0,0,1441,0,0,0,0,0,0,0,0,66,"E1091.SKQ2021","water",2021,11,12,"DBO_3.5","DBO_3","Chukchi Sea",-167.8853333,68.013,"sample","49",1,"niskin bottle","Sterivex",0.22,"95% ethanol","0:37","DBO","Matt Galaska","Matt Galaska","unknown","Qiagen DNeasy Blood and Tissue - spin columns","vial",100,"26_2023","G5"
"E1092.SKQ2021",0,0,0,2686,25,0,0,0,5,0,0,0,169,"E1092.SKQ2021","water",2021,11,12,"DBO_3.5","DBO_3","Chukchi Sea",-167.8853333,68.013,"sample","31",1,"niskin bottle","Sterivex",0.22,"95% ethanol","0:37","DBO","Matt Galaska","Matt Galaska","unknown","Qiagen DNeasy Blood and Tissue - spin columns","vial",100,"26_2023","H5"
"E1093.SKQ2021",0,0,0,371,0,0,0,0,1588,0,0,0,60,"E1093.SKQ2021","water",2021,11,12,"DBO_3.5","DBO_3","Chukchi Sea",-167.8853333,68.013,"sample","10",1,"niskin bottle","Sterivex",0.22,"95% ethanol","0:37","DBO","Matt Galaska","Matt Galaska","unknown","Qiagen DNeasy Blood and Tissue - spin columns","vial",100,"26_2023","A6"
"E1094.SKQ2021",0,0,0,799,0,414,0,0,130,0,0,0,16,"E1094.SKQ2021","water",2021,11,12,"DBO_3.6","DBO_3","Chukchi Sea",-168.234,67.8975,"sample","53",1,"niskin bottle","Sterivex",0.22,"95% ethanol","3:56","DBO","Matt Galaska","Matt Galaska","unknown","Qiagen DNeasy Blood and Tissue - spin columns","vial",100,"26_2023","B6"
"E1095.SKQ2021",0,0,0,2300,0,0,0,0,0,0,0,0,0,"E1095.SKQ2021","water",2021,11,12,"DBO_3.6","DBO_3","Chukchi Sea",-168.234,67.8975,"sample","30",1,"niskin bottle","Sterivex",0.22,"95% ethanol","3:56","DBO","Matt Galaska","Matt Galaska","unknown","Qiagen DNeasy Blood and Tissue - spin columns","vial",100,"26_2023","C6"
"E1096.SKQ2021",0,0,0,1992,230,0,0,0,15,0,32,0,0,"E1096.SKQ2021","water",2021,11,12,"DBO_3.6","DBO_3","Chukchi Sea",-168.234,67.8975,"sample","10",1,"niskin bottle","Sterivex",0.22,"95% ethanol","3:56","DBO","Matt Galaska","Matt Galaska","unknown","Qiagen DNeasy Blood and Tissue - spin columns","vial",100,"26_2023","D6"
"E1097.SKQ2021",0,0,0,1122,0,96,0,0,0,0,0,0,0,"E1097.SKQ2021","water",2021,11,12,"DBO_3.7","DBO_3","Chukchi Sea",-168.5949667,67.78283333,"sample","45",1,"niskin bottle","Sterivex",0.22,"95% ethanol","6:39","DBO","Matt Galaska","Matt Galaska","unknown","Qiagen DNeasy Blood and Tissue - spin columns","vial",100,"26_2023","E6"
"E1098.SKQ2021",0,0,0,566,0,0,0,0,0,0,0,0,104,"E1098.SKQ2021","water",2021,11,12,"DBO_3.7","DBO_3","Chukchi Sea",-168.5949667,67.78283333,"sample","30",1,"niskin bottle","Sterivex",0.22,"95% ethanol","6:39","DBO","Matt Galaska","Matt Galaska","unknown","Qiagen DNeasy Blood and Tissue - spin columns","vial",100,"26_2023","F6"
"E1099.SKQ2021",0,0,0,150,17,1178,0,0,349,0,0,0,0,"E1099.SKQ2021","water",2021,11,12,"DBO_3.7","DBO_3","Chukchi Sea",-168.5949667,67.78283333,"sample","10",1,"niskin bottle","Sterivex",0.22,"95% ethanol","6:39","DBO","Matt Galaska","Matt Galaska","unknown","Qiagen DNeasy Blood and Tissue - spin columns","vial",100,"26_2023","G6"
"E1100.SKQ2021",0,0,0,0,0,0,0,0,0,0,0,0,0,"E1100.SKQ2021","water",2021,11,14,"M8","M8","Bering Sea",-174.68,62.20133333,"sample","68",1,"niskin bottle","Sterivex",0.22,"95% ethanol","0:51","DBO","Matt Galaska","Matt Galaska","unknown","Qiagen DNeasy Blood and Tissue - spin columns","vial",100,"26_2023","H6"
"E1101.SKQ2021",0,0,0,0,0,0,0,0,0,0,0,0,0,"E1101.SKQ2021","water",2021,11,14,"M8","M8","Bering Sea",-174.68,62.20133333,"sample","31",1,"niskin bottle","Sterivex",0.22,"95% ethanol","0:51","DBO","Matt Galaska","Matt Galaska","unknown","Qiagen DNeasy Blood and Tissue - spin columns","vial",100,"26_2023","A7"
"E1102.SKQ2021",0,0,0,0,0,0,0,0,0,0,0,0,0,"E1102.SKQ2021","water",2021,11,14,"M8","M8","Bering Sea",-174.68,62.20133333,"sample","10",1,"niskin bottle","Sterivex",0.22,"95% ethanol","0:51","DBO","Matt Galaska","Matt Galaska","unknown","Qiagen DNeasy Blood and Tissue - spin columns","vial",100,"26_2023","B7"
"E1103.SKQ2021",0,0,0,0,0,0,0,0,0,0,0,0,0,"E1103.SKQ2021","water",2021,11,14,"DBO_1.1","DBO_1","Bering Sea",-175.0666667,62,"sample","74",1,"niskin bottle","Sterivex",0.22,"95% ethanol","3:06","DBO","Matt Galaska","Matt Galaska","unknown","Qiagen DNeasy Blood and Tissue - spin columns","vial",100,"26_2023","C7"
"E1104.SKQ2021",0,0,0,0,0,0,0,0,0,0,0,0,0,"E1104.SKQ2021","water",2021,11,14,"DBO_1.1","DBO_1","Bering Sea",-175.0666667,62,"sample","30",1,"niskin bottle","Sterivex",0.22,"95% ethanol","3:06","DBO","Matt Galaska","Matt Galaska","unknown","Qiagen DNeasy Blood and Tissue - spin columns","vial",100,"26_2023","D7"
"E1105.SKQ2021",0,0,0,0,0,0,0,0,0,0,0,0,0,"E1105.SKQ2021","water",2021,11,14,"DBO_1.1","DBO_1","Bering Sea",-175.0666667,62,"sample","10",1,"niskin bottle","Sterivex",0.22,"95% ethanol","3:06","DBO","Matt Galaska","Matt Galaska","unknown","Qiagen DNeasy Blood and Tissue - spin columns","vial",100,"26_2023","E7"
"E1106.SKQ2021",0,0,0,0,0,0,0,0,0,0,0,0,0,"E1106.SKQ2021","water",2021,11,14,"DBO_1.2","DBO_1","Bering Sea",-175.2086333,62.04928333,"sample","76",1,"niskin bottle","Sterivex",0.22,"95% ethanol","5:06","DBO","Matt Galaska","Matt Galaska","unknown","Qiagen DNeasy Blood and Tissue - spin columns","vial",100,"26_2023","F7"
"E1107.SKQ2021",0,0,0,0,0,0,0,0,0,0,0,0,0,"E1107.SKQ2021","water",2021,11,14,"DBO_1.2","DBO_1","Bering Sea",-175.2086333,62.04928333,"sample","31",1,"niskin bottle","Sterivex",0.22,"95% ethanol","5:06","DBO","Matt Galaska","Matt Galaska","unknown","Qiagen DNeasy Blood and Tissue - spin columns","vial",100,"26_2023","G7"
"E1108.SKQ2021",0,0,0,0,0,0,0,0,0,0,0,0,0,"E1108.SKQ2021","water",2021,11,14,"DBO_1.2","DBO_1","Bering Sea",-175.2086333,62.04928333,"sample","10",1,"niskin bottle","Sterivex",0.22,"95% ethanol","5:06","DBO","Matt Galaska","Matt Galaska","unknown","Qiagen DNeasy Blood and Tissue - spin columns","vial",100,"26_2023","H7"
"E1109.SKQ2021",0,0,0,0,0,0,0,0,0,0,0,0,0,"E1109.SKQ2021","water",2021,11,14,"DBO_1.3","DBO_1","Bering Sea",-174.8778333,62.22,"sample","70",1,"niskin bottle","Sterivex",0.22,"95% ethanol","8:01","DBO","Matt Galaska","Matt Galaska","unknown","Qiagen DNeasy Blood and Tissue - spin columns","vial",100,"26_2023","A8"
"E1110.SKQ2021",0,0,0,0,0,0,0,0,0,0,0,0,0,"E1110.SKQ2021","water",2021,11,14,"DBO_1.3","DBO_1","Bering Sea",-174.8778333,62.22,"sample","31",1,"niskin bottle","Sterivex",0.22,"95% ethanol","8:01","DBO","Matt Galaska","Matt Galaska","unknown","Qiagen DNeasy Blood and Tissue - spin columns","vial",100,"26_2023","B8"
"E1111.SKQ2021",0,0,0,0,0,0,0,0,0,0,0,0,0,"E1111.SKQ2021","water",2021,11,14,"DBO_1.3","DBO_1","Bering Sea",-174.8778333,62.22,"sample","10",1,"niskin bottle","Sterivex",0.22,"95% ethanol","8:01","DBO","Matt Galaska","Matt Galaska","unknown","Qiagen DNeasy Blood and Tissue - spin columns","vial",100,"26_2023","C8"
"E1112.SKQ2021",0,0,0,0,0,0,0,0,0,0,0,13,0,"E1112.SKQ2021","water",2021,11,14,"DBO_1.4","DBO_1","Bering Sea",-174.5716,62.39033333,"sample","65",1,"niskin bottle","Sterivex",0.22,"95% ethanol","9:58","DBO","Matt Galaska","Matt Galaska","unknown","Qiagen DNeasy Blood and Tissue - spin columns","vial",100,"26_2023","D8"
"E1113.SKQ2021",0,0,0,0,0,0,0,0,0,0,0,0,0,"E1113.SKQ2021","water",2021,11,14,"DBO_1.4","DBO_1","Bering Sea",-174.5716,62.39033333,"sample","30",1,"niskin bottle","Sterivex",0.22,"95% ethanol","9:58","DBO","Matt Galaska","Matt Galaska","unknown","Qiagen DNeasy Blood and Tissue - spin columns","vial",100,"26_2023","E8"
"E1114.SKQ2021",0,0,0,0,0,0,0,0,0,0,0,0,0,"E1114.SKQ2021","water",2021,11,14,"DBO_1.4","DBO_1","Bering Sea",-174.5716,62.39033333,"sample","10",1,"niskin bottle","Sterivex",0.22,"95% ethanol","9:58","DBO","Matt Galaska","Matt Galaska","unknown","Qiagen DNeasy Blood and Tissue - spin columns","vial",100,"26_2023","F8"
"E1115.SKQ2021",0,0,0,0,0,0,0,0,0,0,0,113,0,"E1115.SKQ2021","water",2021,11,14,"DBO_1.5","DBO_1","Bering Sea",-174.0845,62.46833333,"sample","63",1,"niskin bottle","Sterivex",0.22,"95% ethanol","13:19","DBO","Matt Galaska","Matt Galaska","unknown","Qiagen DNeasy Blood and Tissue - spin columns","vial",100,"26_2023","G8"
"E1116.SKQ2021",0,0,0,0,0,0,0,0,0,0,0,0,0,"E1116.SKQ2021","water",2021,11,14,"DBO_1.5","DBO_1","Bering Sea",-174.0845,62.46833333,"sample","30",1,"niskin bottle","Sterivex",0.22,"95% ethanol","13:19","DBO","Matt Galaska","Matt Galaska","unknown","Qiagen DNeasy Blood and Tissue - spin columns","vial",100,"26_2023","H8"
"E1117.SKQ2021",0,0,0,0,0,0,0,0,0,0,0,0,0,"E1117.SKQ2021","water",2021,11,14,"DBO_1.5","DBO_1","Bering Sea",-174.0845,62.46833333,"sample","10",1,"niskin bottle","Sterivex",0.22,"95% ethanol","13:19","DBO","Matt Galaska","Matt Galaska","unknown","Qiagen DNeasy Blood and Tissue - spin columns","vial",100,"26_2023","A9"
"E1118.SKQ2021",0,0,0,0,0,0,0,0,0,0,0,0,0,"E1118.SKQ2021","water",2021,11,14,"DBO_1.6","DBO_1","Bering Sea",-173.55045,62.5605,"sample","60",1,"niskin bottle","Sterivex",0.22,"95% ethanol","15:00","DBO","Matt Galaska","Matt Galaska","unknown","Qiagen DNeasy Blood and Tissue - spin columns","vial",100,"26_2023","B9"
"E1119.SKQ2021",0,0,0,0,0,0,0,0,0,0,0,0,0,"E1119.SKQ2021","water",2021,11,14,"DBO_1.6","DBO_1","Bering Sea",-173.55045,62.5605,"sample","31",1,"niskin bottle","Sterivex",0.22,"95% ethanol","15:00","DBO","Matt Galaska","Matt Galaska","unknown","Qiagen DNeasy Blood and Tissue - spin columns","vial",100,"26_2023","C9"
"E1120.SKQ2021",0,0,0,0,0,0,0,0,0,0,0,0,0,"E1120.SKQ2021","water",2021,11,14,"DBO_1.6","DBO_1","Bering Sea",-173.55045,62.5605,"sample","11",1,"niskin bottle","Sterivex",0.22,"95% ethanol","15:00","DBO","Matt Galaska","Matt Galaska","unknown","Qiagen DNeasy Blood and Tissue - spin columns","vial",100,"26_2023","D9"
"E1121.SKQ2021",0,0,0,0,0,0,0,0,0,0,0,0,0,"E1121.SKQ2021","water",2021,11,14,"DBO_1.7","DBO_1","Bering Sea",-173.5004167,62.7875,"sample","66",1,"niskin bottle","Sterivex",0.22,"95% ethanol","18:51","DBO","Matt Galaska","Matt Galaska","unknown","Qiagen DNeasy Blood and Tissue - spin columns","vial",100,"26_2023","E9"
"E1122.SKQ2021",0,0,1287,0,0,24,0,0,0,0,0,5,0,"E1122.SKQ2021","water",2021,11,14,"DBO_1.7","DBO_1","Bering Sea",-173.5004167,62.7875,"sample","31",1,"niskin bottle","Sterivex",0.22,"95% ethanol","18:51","DBO","Matt Galaska","Matt Galaska","unknown","Qiagen DNeasy Blood and Tissue - spin columns","vial",100,"26_2023","F9"
"E1123.SKQ2021",0,0,0,0,0,0,0,0,0,0,0,7,0,"E1123.SKQ2021","water",2021,11,14,"DBO_1.7","DBO_1","Bering Sea",-173.5004167,62.7875,"sample","11",1,"niskin bottle","Sterivex",0.22,"95% ethanol","18:51","DBO","Matt Galaska","Matt Galaska","unknown","Qiagen DNeasy Blood and Tissue - spin columns","vial",100,"26_2023","G9"
"E1124.SKQ2021",0,0,0,0,0,0,0,0,0,0,0,0,0,"E1124.SKQ2021","water",2021,11,14,"DBO_1.8","DBO_1","Bering Sea",-173.461,63.03016667,"sample","65",1,"niskin bottle","Sterivex",0.22,"95% ethanol","20:50","DBO","Matt Galaska","Matt Galaska","unknown","Qiagen DNeasy Blood and Tissue - spin columns","vial",100,"26_2023","H9"
"E1125.SKQ2021",0,0,0,0,0,86,0,0,0,0,0,0,0,"E1125.SKQ2021","water",2021,11,14,"DBO_1.8","DBO_1","Bering Sea",-173.461,63.03016667,"sample","30",1,"niskin bottle","Sterivex",0.22,"95% ethanol","20:50","DBO","Matt Galaska","Matt Galaska","unknown","Qiagen DNeasy Blood and Tissue - spin columns","vial",100,"26_2023","A10"
"E1126.SKQ2021",0,0,0,0,0,0,0,0,0,0,0,0,0,"E1126.SKQ2021","water",2021,11,14,"DBO_1.8","DBO_1","Bering Sea",-173.461,63.03016667,"sample","11",1,"niskin bottle","Sterivex",0.22,"95% ethanol","20:50","DBO","Matt Galaska","Matt Galaska","unknown","Qiagen DNeasy Blood and Tissue - spin columns","vial",100,"26_2023","B10"
"E1127.SKQ2021",0,0,0,0,0,4082,0,0,0,0,0,0,0,"E1127.SKQ2021","water",2021,11,15,"DBO_1.9","DBO_1","Bering Sea",-173.281,63.27833333,"sample","61",1,"niskin bottle","Sterivex",0.22,"95% ethanol","0:34","DBO","Matt Galaska","Matt Galaska","unknown","Qiagen DNeasy Blood and Tissue - spin columns","vial",100,"26_2023","C10"
"E1128.SKQ2021",0,0,0,0,0,287,0,0,0,0,0,0,0,"E1128.SKQ2021","water",2021,11,15,"DBO_1.9","DBO_1","Bering Sea",-173.281,63.27833333,"sample","31",1,"niskin bottle","Sterivex",0.22,"95% ethanol","0:34","DBO","Matt Galaska","Matt Galaska","unknown","Qiagen DNeasy Blood and Tissue - spin columns","vial",100,"26_2023","D10"
"E1129.SKQ2021",0,0,0,0,0,121,0,0,0,0,0,0,0,"E1129.SKQ2021","water",2021,11,15,"DBO_1.9","DBO_1","Bering Sea",-173.281,63.27833333,"sample","11",1,"niskin bottle","Sterivex",0.22,"95% ethanol","0:34","DBO","Matt Galaska","Matt Galaska","unknown","Qiagen DNeasy Blood and Tissue - spin columns","vial",100,"26_2023","E10"
"E1130.SKQ2021",0,17,0,0,0,0,0,1563,0,0,0,0,0,"E1130.SKQ2021","water",2021,11,15,"DBO_1.10","DBO_1","Bering Sea",-172.5931667,63.60483333,"sample","46",1,"niskin bottle","Sterivex",0.22,"95% ethanol","3:54","DBO","Matt Galaska","Matt Galaska","unknown","Qiagen DNeasy Blood and Tissue - spin columns","vial",100,"26_2023","F10"
"E1131.SKQ2021",0,0,0,0,0,0,0,0,0,0,0,0,0,"E1131.SKQ2021","water",2021,11,15,"DBO_1.10","DBO_1","Bering Sea",-172.5931667,63.60483333,"sample","30",1,"niskin bottle","Sterivex",0.22,"95% ethanol","3:54","DBO","Matt Galaska","Matt Galaska","unknown","Qiagen DNeasy Blood and Tissue - spin columns","vial",100,"26_2023","G10"
"E1132.SKQ2021",0,0,0,0,0,736,0,0,0,0,0,0,0,"E1132.SKQ2021","water",2021,11,15,"DBO_1.10","DBO_1","Bering Sea",-172.5931667,63.60483333,"sample","11",1,"niskin bottle","Sterivex",0.22,"95% ethanol","3:54","DBO","Matt Galaska","Matt Galaska","unknown","Qiagen DNeasy Blood and Tissue - spin columns","vial",100,"26_2023","H10"
"E1133.SKQ2021",0,0,0,737,0,0,0,0,0,0,0,0,0,"E1133.SKQ2021","water",2021,11,15,"DBO_2.1","DBO_2","Bering Sea",-169.9187,64.67016667,"sample","43",1,"niskin bottle","Sterivex",0.22,"95% ethanol","12:20","DBO","Matt Galaska","Matt Galaska","unknown","Qiagen DNeasy Blood and Tissue - spin columns","vial",100,"26_2023","A11"
"E1134.SKQ2021",0,0,0,0,0,0,0,0,0,0,0,0,0,"E1134.SKQ2021","water",2021,11,15,"DBO_2.1","DBO_2","Bering Sea",-169.9187,64.67016667,"sample","30",1,"niskin bottle","Sterivex",0.22,"95% ethanol","12:20","DBO","Matt Galaska","Matt Galaska","unknown","Qiagen DNeasy Blood and Tissue - spin columns","vial",100,"26_2023","B11"
"E1135.SKQ2021",0,0,0,0,0,0,0,0,0,0,0,0,797,"E1135.SKQ2021","water",2021,11,15,"DBO_2.1","DBO_2","Bering Sea",-169.9187,64.67016667,"sample","10",1,"niskin bottle","Sterivex",0.22,"95% ethanol","12:20","DBO","Matt Galaska","Matt Galaska","unknown","Qiagen DNeasy Blood and Tissue - spin columns","vial",100,"26_2023","C11"
"E1136.SKQ2021",0,0,0,36,0,485,0,0,0,0,0,8,5,"E1136.SKQ2021","water",2021,11,15,"DBO_2.2","DBO_2","Bering Sea",-169.1006667,64.68,"sample","41",1,"niskin bottle","Sterivex",0.22,"95% ethanol","15:44","DBO","Matt Galaska","Matt Galaska","unknown","Qiagen DNeasy Blood and Tissue - spin columns","vial",100,"26_2023","D11"
"E1137.SKQ2021",0,0,0,792,179,673,0,0,0,0,0,0,0,"E1137.SKQ2021","water",2021,11,15,"DBO_2.2","DBO_2","Bering Sea",-169.1006667,64.68,"sample","30",1,"niskin bottle","Sterivex",0.22,"95% ethanol","15:44","DBO","Matt Galaska","Matt Galaska","unknown","Qiagen DNeasy Blood and Tissue - spin columns","vial",100,"26_2023","E11"
"E1138.SKQ2021",0,0,0,0,0,0,0,194,0,0,0,0,0,"E1138.SKQ2021","water",2021,11,15,"DBO_2.2","DBO_2","Bering Sea",-169.1006667,64.68,"sample","10",1,"niskin bottle","Sterivex",0.22,"95% ethanol","15:44","DBO","Matt Galaska","Matt Galaska","unknown","Qiagen DNeasy Blood and Tissue - spin columns","vial",100,"26_2023","F11"
"E1139.SKQ2021",0,0,24,489,0,5513,0,0,0,0,0,0,0,"E1139.SKQ2021","water",2021,11,15,"DBO_2.5","DBO_2","Bering Sea",-169.1398333,64.98983333,"sample","44",1,"niskin bottle","Sterivex",0.22,"95% ethanol","22:03","DBO","Matt Galaska","Matt Galaska","unknown","Qiagen DNeasy Blood and Tissue - spin columns","vial",100,"26_2023","G11"
"E1140.SKQ2021",0,0,0,595,0,0,0,0,0,0,0,62,0,"E1140.SKQ2021","water",2021,11,15,"DBO_2.5","DBO_2","Bering Sea",-169.1398333,64.98983333,"sample","31",1,"niskin bottle","Sterivex",0.22,"95% ethanol","22:03","DBO","Matt Galaska","Matt Galaska","unknown","Qiagen DNeasy Blood and Tissue - spin columns","vial",100,"26_2023","H11"
"E1141.SKQ2021",0,0,0,0,0,1358,0,0,0,0,0,20,4,"E1141.SKQ2021","water",2021,11,15,"DBO_2.5","DBO_2","Bering Sea",-169.1398333,64.98983333,"sample","10",1,"niskin bottle","Sterivex",0.22,"95% ethanol","22:03","DBO","Matt Galaska","Matt Galaska","unknown","Qiagen DNeasy Blood and Tissue - spin columns","vial",100,"26_2023","A12"
"E1142.SKQ2021",0,0,0,0,0,14,0,0,0,54,0,0,0,"E1142.SKQ2021","water",2021,11,16,"DBO_2.4","DBO_2","Bering Sea",-169.8803333,64.95883333,"sample","44",1,"niskin bottle","Sterivex",0.22,"95% ethanol","1:31","DBO","Matt Galaska","Matt Galaska","unknown","Qiagen DNeasy Blood and Tissue - spin columns","vial",100,"26_2023","B12"
"E1143.SKQ2021",0,0,0,322,0,0,0,0,0,0,0,0,0,"E1143.SKQ2021","water",2021,11,16,"DBO_2.4","DBO_2","Bering Sea",-169.8803333,64.95883333,"sample","30",1,"niskin bottle","Sterivex",0.22,"95% ethanol","1:31","DBO","Matt Galaska","Matt Galaska","unknown","Qiagen DNeasy Blood and Tissue - spin columns","vial",100,"26_2023","C12"
"E1144.SKQ2021",0,0,0,117,0,0,0,0,0,0,0,0,0,"E1144.SKQ2021","water",2021,11,16,"DBO_2.4","DBO_2","Bering Sea",-169.8803333,64.95883333,"sample","10",1,"niskin bottle","Sterivex",0.22,"95% ethanol","1:31","DBO","Matt Galaska","Matt Galaska","unknown","Qiagen DNeasy Blood and Tissue - spin columns","vial",100,"26_2023","D12"
"E1145.SKQ2021",0,0,0,953,0,0,0,0,0,0,0,890,0,"E1145.SKQ2021","water",2021,11,16,"DBO_2.3","DBO_2","Bering Sea",-168.2356667,64.66983333,"sample","34",1,"niskin bottle","Sterivex",0.22,"95% ethanol","7:31","DBO","Matt Galaska","Matt Galaska","unknown","Qiagen DNeasy Blood and Tissue - spin columns","vial",100,"26_2023","E12"
"E1146.SKQ2021",0,0,0,366,0,29,0,0,0,0,0,37,0,"E1146.SKQ2021","water",2021,11,16,"DBO_2.3","DBO_2","Bering Sea",-168.2356667,64.66983333,"sample","10",1,"niskin bottle","Sterivex",0.22,"95% ethanol","7:31","DBO","Matt Galaska","Matt Galaska","unknown","Qiagen DNeasy Blood and Tissue - spin columns","vial",100,"26_2023","F12"
"NC34",0,0,0,0,0,0,0,0,0,0,0,0,0,NA,NA,NA,NA,NA,NA,NA,NA,NA,NA,NA,NA,NA,NA,NA,NA,NA,NA,NA,NA,NA,NA,NA,NA,NA,NA,NA
"NC35",0,0,0,0,0,0,0,0,0,0,0,0,0,NA,NA,NA,NA,NA,NA,NA,NA,NA,NA,NA,NA,NA,NA,NA,NA,NA,NA,NA,NA,NA,NA,NA,NA,NA,NA,NA
"PC34",0,0,0,0,0,0,0,0,0,0,0,0,0,NA,NA,NA,NA,NA,NA,NA,NA,NA,NA,NA,NA,NA,NA,NA,NA,NA,NA,NA,NA,NA,NA,NA,NA,NA,NA,NA
"PC35",0,0,0,0,0,0,0,0,0,0,0,0,0,NA,NA,NA,NA,NA,NA,NA,NA,NA,NA,NA,NA,NA,NA,NA,NA,NA,NA,NA,NA,NA,NA,NA,NA,NA,NA,NA
"POSITIVE",0,0,0,0,0,0,0,0,0,0,0,0,0,NA,NA,NA,NA,NA,NA,NA,NA,NA,NA,NA,NA,NA,NA,NA,NA,NA,NA,NA,NA,NA,NA,NA,NA,NA,NA,NA
"e04103",0,0,0,0,0,0,0,0,0,0,0,0,0,"e1880","water",2023,9,14,"DBO_1.1","DBO_1",NA,-175.0599833,62.01003333,"sample","74.2",1,"niskin bottle","Sterivex",0.22,"95% ethanol","","DBO","Matt Galaska","KL","2024_05_07","Qiagen DNeasy Blood and Tissue w/ EconoSpin column","vial",100,"34_2024","A1"
"e04104",0,0,0,0,0,0,0,0,0,0,0,0,0,"e1881","water",2023,9,14,"DBO_1.1","DBO_1",NA,-175.0599833,62.01003333,"sample","30",1,"niskin bottle","Sterivex",0.22,"95% ethanol","","DBO","Matt Galaska","KL","2024_05_07","Qiagen DNeasy Blood and Tissue w/ EconoSpin column","vial",100,"34_2024","B1"
"e04105",0,0,0,0,0,0,0,0,0,0,0,0,0,"e1882","water",2023,9,14,"DBO_1.1","DBO_1",NA,-175.0599833,62.01003333,"sample","10",1,"niskin bottle","Sterivex",0.22,"95% ethanol","","DBO","Matt Galaska","KL","2024_05_07","Qiagen DNeasy Blood and Tissue w/ EconoSpin column","vial",100,"34_2024","C1"
"e04106",0,0,0,0,0,0,0,0,0,0,0,0,0,"e1883","water",2023,9,14,"DBO_1.2","DBO_1",NA,-175.21135,62.0504,"sample","75",1,"niskin bottle","Sterivex",0.22,"95% ethanol","","DBO","Matt Galaska","KL","2024_05_08","Qiagen DNeasy Blood and Tissue w/ EconoSpin column","vial",100,"34_2024","D1"
"e04107",0,0,0,0,0,0,0,0,0,0,0,0,0,"e1884","water",2023,9,14,"DBO_1.2","DBO_1",NA,-175.21135,62.0504,"sample","30",1,"niskin bottle","Sterivex",0.22,"95% ethanol","","DBO","Matt Galaska","KL","2024_05_08","Qiagen DNeasy Blood and Tissue w/ EconoSpin column","vial",100,"34_2024","E1"
"e04108",0,0,0,0,0,0,0,0,0,0,0,0,0,"e1885","water",2023,9,14,"DBO_1.2","DBO_1",NA,-175.21135,62.0504,"sample","10",1,"niskin bottle","Sterivex",0.22,"95% ethanol","","DBO","Matt Galaska","KL","2024_05_08","Qiagen DNeasy Blood and Tissue w/ EconoSpin column","vial",100,"34_2024","F1"
"e04109",0,0,0,0,0,0,0,0,0,0,0,0,0,"e1886","water",2023,9,15,"DBO_1.4","DBO_1",NA,-174.57,62.39,"sample","66.2",1,"niskin bottle","Sterivex",0.22,"95% ethanol","","DBO","Matt Galaska","KL","2024_05_08","Qiagen DNeasy Blood and Tissue w/ EconoSpin column","vial",100,"34_2024","G1"
"e04110",0,0,0,0,0,0,0,0,0,0,0,0,0,"e1887","water",2023,9,15,"DBO_1.4","DBO_1",NA,-174.57,62.39,"sample","30",1,"niskin bottle","Sterivex",0.22,"95% ethanol","","DBO","Matt Galaska","KL","2024_05_08","Qiagen DNeasy Blood and Tissue w/ EconoSpin column","vial",100,"34_2024","H1"
"e04111",0,0,0,0,0,0,0,0,0,0,0,0,0,"e1888","water",2023,9,15,"DBO_1.4","DBO_1",NA,-174.57,62.39,"sample","10",1,"niskin bottle","Sterivex",0.22,"95% ethanol","","DBO","Matt Galaska","KL","2024_05_08","Qiagen DNeasy Blood and Tissue w/ EconoSpin column","vial",100,"34_2024","A2"
"e04112",0,0,0,0,0,0,0,0,0,0,0,0,0,"e1889","water",2023,9,15,"DBO_1.6","DBO_1",NA,-173.55,62.56,"sample","61",1,"niskin bottle","Sterivex",0.22,"95% ethanol","","DBO","Matt Galaska","KL","2024_05_08","Qiagen DNeasy Blood and Tissue w/ EconoSpin column","vial",100,"34_2024","B2"
"e04113",0,0,0,0,0,0,0,0,0,0,0,0,0,"e1890","water",2023,9,15,"DBO_1.6","DBO_1",NA,-173.55,62.56,"sample","30",1,"niskin bottle","Sterivex",0.22,"95% ethanol","","DBO","Matt Galaska","KL","2024_05_08","Qiagen DNeasy Blood and Tissue w/ EconoSpin column","vial",100,"34_2024","C2"
"e04114",0,0,0,0,0,0,0,0,0,0,0,0,0,"e1891","water",2023,9,15,"DBO_1.6","DBO_1",NA,-173.55,62.56,"sample","10",1,"niskin bottle","Sterivex",0.22,"95% ethanol","","DBO","Matt Galaska","KL","2024_05_08","Qiagen DNeasy Blood and Tissue w/ EconoSpin column","vial",100,"34_2024","D2"
"e04115",0,0,0,0,0,0,0,0,0,0,0,0,0,"e1892","water",2023,9,16,"DBO_1.8","DBO_1",NA,-173.46,63.03,"sample","66",1,"niskin bottle","Sterivex",0.22,"95% ethanol","","DBO","Matt Galaska","KL","2024_05_08","Qiagen DNeasy Blood and Tissue w/ EconoSpin column","vial",100,"34_2024","E2"
"e04116",0,0,0,0,0,0,0,0,0,0,0,0,0,"e1893","water",2023,9,16,"DBO_1.8","DBO_1",NA,-173.46,63.03,"sample","30",1,"niskin bottle","Sterivex",0.22,"95% ethanol","","DBO","Matt Galaska","KL","2024_05_08","Qiagen DNeasy Blood and Tissue w/ EconoSpin column","vial",100,"34_2024","F2"
"e04117",0,0,0,0,0,0,0,0,0,0,0,0,0,"e1894","water",2023,9,16,"DBO_1.8","DBO_1",NA,-173.46,63.03,"sample","10",1,"niskin bottle","Sterivex",0.22,"95% ethanol","","DBO","Matt Galaska","KL","2024_05_08","Qiagen DNeasy Blood and Tissue w/ EconoSpin column","vial",100,"34_2024","G2"
"e04118",0,0,0,0,0,0,0,0,0,0,0,0,0,"e1895","water",2023,9,16,"DBO2.0a","DBO_2",NA,-170.2623333,64.67166667,"sample","41",1,"niskin bottle","Sterivex",0.22,"95% ethanol","","DBO","Matt Galaska","KL","2024_05_15","Qiagen DNeasy Blood and Tissue w/ EconoSpin column","vial",100,"34_2024","H2"
"e04119",0,0,0,0,0,0,0,0,0,0,0,0,0,"e1896","water",2023,9,16,"DBO2.0a","DBO_2",NA,-170.2623333,64.67166667,"sample","30",1,"niskin bottle","Sterivex",0.22,"95% ethanol","","DBO","Matt Galaska","KL","2024_05_15","Qiagen DNeasy Blood and Tissue w/ EconoSpin column","vial",100,"34_2024","A3"
"e04120",0,0,0,0,0,0,0,0,0,0,0,0,0,"e1897","water",2023,9,16,"DBO2.0a","DBO_2",NA,-170.2623333,64.67166667,"sample","10",1,"niskin bottle","Sterivex",0.22,"95% ethanol","","DBO","Matt Galaska","KL","2024_05_15","Qiagen DNeasy Blood and Tissue w/ EconoSpin column","vial",100,"34_2024","B3"
"e04121",0,0,0,0,0,0,0,0,0,0,0,0,0,"e1898","water",2023,9,17,"DBO_2.1","DBO_2",NA,-169.92,64.67,"sample","41",1,"niskin bottle","Sterivex",0.22,"95% ethanol","","DBO","Matt Galaska","KL","2024_05_15","Qiagen DNeasy Blood and Tissue w/ EconoSpin column","vial",100,"34_2024","C3"
"e04122",0,0,0,0,0,0,0,0,0,0,0,0,0,"e1899","water",2023,9,17,"DBO_2.1","DBO_2",NA,-169.92,64.67,"sample","30",1,"niskin bottle","Sterivex",0.22,"95% ethanol","","DBO","Matt Galaska","KL","2024_05_15","Qiagen DNeasy Blood and Tissue w/ EconoSpin column","vial",100,"34_2024","D3"
"e04123",0,0,0,0,0,0,0,0,0,0,0,0,0,"e1900","water",2023,9,17,"DBO_2.1","DBO_2",NA,-169.92,64.67,"sample","10",1,"niskin bottle","Sterivex",0.22,"95% ethanol","","DBO","Matt Galaska","KL","2024_05_15","Qiagen DNeasy Blood and Tissue w/ EconoSpin column","vial",100,"34_2024","E3"
"e04124",0,0,0,0,0,0,0,0,0,0,0,0,0,"e1901","water",2023,9,17,"DBO_2.2","DBO_2",NA,-169.1,64.68,"sample","40",1,"niskin bottle","Sterivex",0.22,"95% ethanol","","DBO","Matt Galaska","KL","2024_05_15","Qiagen DNeasy Blood and Tissue w/ EconoSpin column","vial",100,"34_2024","F3"
"e04125",0,0,560,0,0,0,0,0,0,0,0,0,0,"e1902","water",2023,9,17,"DBO_2.2","DBO_2",NA,-169.1,64.68,"sample","30",1,"niskin bottle","Sterivex",0.22,"95% ethanol","","DBO","Matt Galaska","KL","2024_05_15","Qiagen DNeasy Blood and Tissue w/ EconoSpin column","vial",100,"34_2024","G3"
"e04126",0,0,176,0,0,0,0,0,0,0,0,0,0,"e1903","water",2023,9,17,"DBO_2.2","DBO_2",NA,-169.1,64.68,"sample","10",1,"niskin bottle","Sterivex",0.22,"95% ethanol","","DBO","Matt Galaska","KL","2024_05_08","Qiagen DNeasy Blood and Tissue w/ EconoSpin column","vial",100,"34_2024","H3"
"e04127",0,0,0,0,0,0,0,0,0,0,0,0,0,"e1904","water",2023,9,17,"DBO_2.3","DBO_2",NA,-168.235,64.67,"sample","33",1,"niskin bottle","Sterivex",0.22,"95% ethanol","","DBO","Matt Galaska","KL","2024_05_08","Qiagen DNeasy Blood and Tissue w/ EconoSpin column","vial",100,"34_2024","A4"
"e04128",0,0,0,0,0,0,0,0,0,0,0,0,0,"e1905","water",2023,9,17,"DBO_2.3","DBO_2",NA,-168.235,64.67,"sample","10",1,"niskin bottle","Sterivex",0.22,"95% ethanol","","DBO","Matt Galaska","KL","2024_05_15","Qiagen DNeasy Blood and Tissue w/ EconoSpin column","vial",100,"34_2024","B4"
"e04129",0,0,0,0,0,0,0,0,0,0,0,0,0,"e1906","water",2023,9,17,"DBO_2.7","DBO_2",NA,-168.2220833,65,"sample","40",1,"niskin bottle","Sterivex",0.22,"95% ethanol","","DBO","Matt Galaska","KL","2024_05_08","Qiagen DNeasy Blood and Tissue w/ EconoSpin column","vial",100,"34_2024","C4"
"e04130",0,0,0,0,0,0,0,0,0,0,0,6,0,"e1907","water",2023,9,17,"DBO_2.7","DBO_2",NA,-168.2220833,65,"sample","30",1,"niskin bottle","Sterivex",0.22,"95% ethanol","","DBO","Matt Galaska","KL","2024_05_08","Qiagen DNeasy Blood and Tissue w/ EconoSpin column","vial",100,"34_2024","D4"
"e04131",0,0,0,0,0,0,0,0,0,0,0,0,0,"e1908","water",2023,9,17,"DBO_2.7","DBO_2",NA,-168.2220833,65,"sample","10",1,"niskin bottle","Sterivex",0.22,"95% ethanol","","DBO","Matt Galaska","KL","2024_05_08","Qiagen DNeasy Blood and Tissue w/ EconoSpin column","vial",100,"34_2024","E4"
"e04132",0,0,0,0,0,0,0,0,0,0,0,0,0,"e1909","water",2023,9,17,"DBO_2.5","DBO_2",NA,-169.4873333,64.9745,"sample","43",1,"niskin bottle","Sterivex",0.22,"95% ethanol","","DBO","Matt Galaska","KL","2024_05_08","Qiagen DNeasy Blood and Tissue w/ EconoSpin column","vial",100,"34_2024","F4"
"e04133",0,0,0,0,0,0,0,0,0,0,0,0,0,"e1910","water",2023,9,17,"DBO_2.5","DBO_2",NA,-169.4873333,64.9745,"sample","30",1,"niskin bottle","Sterivex",0.22,"95% ethanol","","DBO","Matt Galaska","KL","2024_05_08","Qiagen DNeasy Blood and Tissue w/ EconoSpin column","vial",100,"34_2024","G4"
"e04134",0,0,0,0,0,0,0,0,0,0,0,0,0,"e1911","water",2023,9,17,"DBO_2.5","DBO_2",NA,-169.4873333,64.9745,"sample","10",1,"niskin bottle","Sterivex",0.22,"95% ethanol","","DBO","Matt Galaska","KL","2024_05_08","Qiagen DNeasy Blood and Tissue w/ EconoSpin column","vial",100,"34_2024","H4"
"e04135",0,0,0,0,0,0,0,0,0,0,0,0,0,"e1912","water",2023,9,17,"DBO_2.4","DBO_2",NA,-169.886,64.96166667,"sample","42",1,"niskin bottle","Sterivex",0.22,"95% ethanol","","DBO","Matt Galaska","KL","2024_05_25","Qiagen DNeasy Blood and Tissue w/ EconoSpin column","vial",100,"34_2024","A5"
"e04136",0,0,0,0,0,0,0,0,0,0,0,0,0,"e1913","water",2023,9,17,"DBO_2.4","DBO_2",NA,-169.886,64.96166667,"sample","30",1,"niskin bottle","Sterivex",0.22,"95% ethanol","","DBO","Matt Galaska","KL","2024_05_25","Qiagen DNeasy Blood and Tissue w/ EconoSpin column","vial",100,"34_2024","B5"
"e04137",0,0,0,0,0,0,0,0,0,0,0,0,0,"e1914","water",2023,9,17,"DBO_2.4","DBO_2",NA,-169.886,64.96166667,"sample","10",1,"niskin bottle","Sterivex",0.22,"95% ethanol","","DBO","Matt Galaska","KL","2024_05_25","Qiagen DNeasy Blood and Tissue w/ EconoSpin column","vial",100,"34_2024","C5"
"e04138",0,0,0,0,0,0,0,0,0,0,0,0,0,"e1915","water",2023,9,20,"DBO_5.1","DBO_5",NA,-157.1642333,71.24685,"sample","41.1",1,"niskin bottle","Sterivex",0.22,"95% ethanol","","DBO","Matt Galaska","KL","2024_05_25","Qiagen DNeasy Blood and Tissue w/ EconoSpin column","vial",100,"34_2024","D5"
"e04139",0,0,0,0,0,0,0,0,0,0,0,0,0,"e1916","water",2023,9,20,"DBO_5.1","DBO_5",NA,-157.1642333,71.24685,"sample","30",1,"niskin bottle","Sterivex",0.22,"95% ethanol","","DBO","Matt Galaska","KL","2024_05_25","Qiagen DNeasy Blood and Tissue w/ EconoSpin column","vial",100,"34_2024","E5"
"e04140",0,0,0,0,0,0,0,0,0,0,0,0,0,"e1917","water",2023,9,20,"DBO_5.1","DBO_5",NA,-157.1642333,71.24685,"sample","10",1,"niskin bottle","Sterivex",0.22,"95% ethanol","","DBO","Matt Galaska","KL","2024_05_25","Qiagen DNeasy Blood and Tissue w/ EconoSpin column","vial",100,"34_2024","F5"
"e04141",0,0,0,0,517,0,0,0,0,0,0,0,0,"e1918","water",2023,9,20,"DBO_5.2","DBO_5",NA,-157.2458167,71.28766667,"sample","51",1,"niskin bottle","Sterivex",0.22,"95% ethanol","","DBO","Matt Galaska","KL","2024_05_25","Qiagen DNeasy Blood and Tissue w/ EconoSpin column","vial",100,"34_2024","G5"
"e04142",0,0,0,0,0,0,0,0,0,0,0,0,0,"e1919","water",2023,9,20,"DBO_5.2","DBO_5",NA,-157.2458167,71.28766667,"sample","30",1,"niskin bottle","Sterivex",0.22,"95% ethanol","","DBO","Matt Galaska","KL","2024_05_25","Qiagen DNeasy Blood and Tissue w/ EconoSpin column","vial",100,"34_2024","H5"
"e04143",0,0,0,0,0,0,0,0,0,0,0,0,0,"e1920","water",2023,9,20,"DBO_5.2","DBO_5",NA,-157.2458167,71.28766667,"sample","10",1,"niskin bottle","Sterivex",0.22,"95% ethanol","","DBO","Matt Galaska","KL","2024_05_25","Qiagen DNeasy Blood and Tissue w/ EconoSpin column","vial",100,"34_2024","A6"
"e04144",0,0,0,0,0,0,0,0,0,0,0,0,0,"e1921","water",2023,9,20,"DBO_5.3","DBO_5",NA,-157.3316667,71.32995,"sample","85",1,"niskin bottle","Sterivex",0.22,"95% ethanol","","DBO","Matt Galaska","KL","2024_05_25","Qiagen DNeasy Blood and Tissue w/ EconoSpin column","vial",100,"34_2024","B6"
"e04145",0,0,0,0,0,0,0,0,0,0,0,0,0,"e1922","water",2023,9,20,"DBO_5.3","DBO_5",NA,-157.3316667,71.32995,"sample","30",1,"niskin bottle","Sterivex",0.22,"95% ethanol","","DBO","Matt Galaska","KL","2024_05_25","Qiagen DNeasy Blood and Tissue w/ EconoSpin column","vial",100,"34_2024","C6"
"e04146",0,0,0,0,0,0,0,0,0,0,0,0,0,"e1923","water",2023,9,20,"DBO_5.3","DBO_5",NA,-157.3316667,71.32995,"sample","10",1,"niskin bottle","Sterivex",0.22,"95% ethanol","","DBO","Matt Galaska","KL","2024_05_25","Qiagen DNeasy Blood and Tissue w/ EconoSpin column","vial",100,"34_2024","D6"
"e04147",0,0,0,0,0,0,0,0,0,0,0,0,0,"e1924","water",2023,9,20,"DBO_5.4","DBO_5",NA,-157.4143333,71.372,"sample","106",1,"niskin bottle","Sterivex",0.22,"95% ethanol","","DBO","Matt Galaska","KL","2024_05_25","Qiagen DNeasy Blood and Tissue w/ EconoSpin column","vial",100,"34_2024","E6"
"e04148",0,0,0,0,761,0,0,0,0,0,0,0,0,"e1925","water",2023,9,20,"DBO_5.4","DBO_5",NA,-157.4143333,71.372,"sample","30",1,"niskin bottle","Sterivex",0.22,"95% ethanol","","DBO","Matt Galaska","KL","2024_05_25","Qiagen DNeasy Blood and Tissue w/ EconoSpin column","vial",100,"34_2024","F6"
"e04149",0,0,0,0,0,0,0,0,0,0,0,0,0,"e1926","water",2023,9,20,"DBO_5.4","DBO_5",NA,-157.4143333,71.372,"sample","10",1,"niskin bottle","Sterivex",0.22,"95% ethanol","","DBO","Matt Galaska","KL","2024_05_25","Qiagen DNeasy Blood and Tissue w/ EconoSpin column","vial",100,"34_2024","G6"
"e04150",0,0,0,0,0,0,0,0,0,0,0,0,0,"e1927","water",2023,9,20,"DBO_5.5","DBO_5",NA,-157.4943833,71.40903333,"sample","120",1,"niskin bottle","Sterivex",0.22,"95% ethanol","","DBO","Matt Galaska","KL","2024_05_21","Qiagen DNeasy Blood and Tissue w/ EconoSpin column","vial",100,"34_2024","H6"
"e04151",0,0,0,0,0,0,0,0,0,0,0,0,0,"e1928","water",2023,9,20,"DBO_5.5","DBO_5",NA,-157.4943833,71.40903333,"sample","30",1,"niskin bottle","Sterivex",0.22,"95% ethanol","","DBO","Matt Galaska","KL","2024_05_21","Qiagen DNeasy Blood and Tissue w/ EconoSpin column","vial",100,"34_2024","A7"
"e04152",0,0,0,0,0,0,0,0,0,0,0,0,0,"e1929","water",2023,9,20,"DBO_5.5","DBO_5",NA,-157.4943833,71.40903333,"sample","10",1,"niskin bottle","Sterivex",0.22,"95% ethanol","","DBO","Matt Galaska","KL","2024_05_21","Qiagen DNeasy Blood and Tissue w/ EconoSpin column","vial",100,"34_2024","B7"
"e04153",0,0,0,0,0,0,0,0,0,0,0,0,0,"e1930","water",2023,9,20,"DBO_5.6","DBO_5",NA,-157.583,71.455,"sample","104",1,"niskin bottle","Sterivex",0.22,"95% ethanol","","DBO","Matt Galaska","KL","2024_05_21","Qiagen DNeasy Blood and Tissue w/ EconoSpin column","vial",100,"34_2024","C7"
"e04154",0,0,0,0,0,0,0,0,0,0,0,0,0,"e1931","water",2023,9,20,"DBO_5.6","DBO_5",NA,-157.583,71.455,"sample","30",1,"niskin bottle","Sterivex",0.22,"95% ethanol","","DBO","Matt Galaska","KL","2024_05_21","Qiagen DNeasy Blood and Tissue w/ EconoSpin column","vial",100,"34_2024","D7"
"e04155",0,0,0,0,0,0,0,0,0,0,0,0,0,"e1932","water",2023,9,20,"DBO_5.6","DBO_5",NA,-157.583,71.455,"sample","10",1,"niskin bottle","Sterivex",0.22,"95% ethanol","","DBO","Matt Galaska","KL","2024_05_21","Qiagen DNeasy Blood and Tissue w/ EconoSpin column","vial",100,"34_2024","E7"
"e04156",0,0,0,0,0,0,0,0,0,0,0,0,329,"e1933","water",2023,9,21,"DBO_5.7","DBO_5",NA,-157.672,71.5,"sample","76",1,"niskin bottle","Sterivex",0.22,"95% ethanol","","DBO","Matt Galaska","KL","2024_05_21","Qiagen DNeasy Blood and Tissue w/ EconoSpin column","vial",100,"34_2024","F7"
"e04157",0,0,0,0,0,0,0,0,0,0,0,0,0,"e1934","water",2023,9,21,"DBO_5.7","DBO_5",NA,-157.672,71.5,"sample","30",1,"niskin bottle","Sterivex",0.22,"95% ethanol","","DBO","Matt Galaska","KL","2024_05_21","Qiagen DNeasy Blood and Tissue w/ EconoSpin column","vial",100,"34_2024","G7"
"e04158",0,0,0,0,0,0,0,0,0,0,0,0,0,"e1935","water",2023,9,21,"DBO_5.7","DBO_5",NA,-157.672,71.5,"sample","10",1,"niskin bottle","Sterivex",0.22,"95% ethanol","","DBO","Matt Galaska","KL","2024_05_21","Qiagen DNeasy Blood and Tissue w/ EconoSpin column","vial",100,"34_2024","H7"
"e04159",0,0,0,0,0,0,0,0,0,0,0,0,0,"e1936","water",2023,9,21,"DBO_5.8","DBO_5",NA,-157.753,71.537,"sample","65.5",1,"niskin bottle","Sterivex",0.22,"95% ethanol","","DBO","Matt Galaska","KL","2024_05_21","Qiagen DNeasy Blood and Tissue w/ EconoSpin column","vial",100,"34_2024","A8"
"e04160",0,0,0,0,0,0,0,0,0,0,0,0,0,"e1937","water",2023,9,21,"DBO_5.8","DBO_5",NA,-157.753,71.537,"sample","30",1,"niskin bottle","Sterivex",0.22,"95% ethanol","","DBO","Matt Galaska","KL","2024_05_21","Qiagen DNeasy Blood and Tissue w/ EconoSpin column","vial",100,"34_2024","B8"
"e04161",0,0,0,0,0,0,0,0,0,0,0,0,0,"e1938","water",2023,9,21,"DBO_5.8","DBO_5",NA,-157.753,71.537,"sample","10",1,"niskin bottle","Sterivex",0.22,"95% ethanol","","DBO","Matt Galaska","KL","2024_05_21","Qiagen DNeasy Blood and Tissue w/ EconoSpin column","vial",100,"34_2024","C8"
"e04162",0,0,0,0,0,0,0,0,0,0,0,0,0,"e1939","water",2023,9,21,"DBO_5.9","DBO_5",NA,-157.838,71.578,"sample","59.5",1,"niskin bottle","Sterivex",0.22,"95% ethanol","","DBO","Matt Galaska","KL","2024_05_21","Qiagen DNeasy Blood and Tissue w/ EconoSpin column","vial",100,"34_2024","D8"
"e04163",0,0,0,0,0,0,0,0,0,0,0,0,29,"e1940","water",2023,9,21,"DBO_5.9","DBO_5",NA,-157.838,71.578,"sample","30",1,"niskin bottle","Sterivex",0.22,"95% ethanol","","DBO","Matt Galaska","KL","2024_05_21","Qiagen DNeasy Blood and Tissue w/ EconoSpin column","vial",100,"34_2024","E8"
"e04164",0,0,0,0,0,0,0,0,0,0,0,0,0,"e1941","water",2023,9,21,"DBO_5.9","DBO_5",NA,-157.838,71.578,"sample","10",1,"niskin bottle","Sterivex",0.22,"95% ethanol","","DBO","Matt Galaska","KL","2024_05_21","Qiagen DNeasy Blood and Tissue w/ EconoSpin column","vial",100,"34_2024","F8"
"e04165",0,0,0,0,0,0,0,0,0,0,0,0,0,"e1942","water",2023,9,21,"DBO_5.10","DBO_5",NA,-157.925,71.62,"sample","57",1,"niskin bottle","Sterivex",0.22,"95% ethanol","","DBO","Matt Galaska","KL","2024_05_07","Qiagen DNeasy Blood and Tissue w/ EconoSpin column","vial",100,"34_2024","G8"
"e04166",0,0,0,0,0,0,0,0,0,0,0,0,0,"e1943","water",2023,9,21,"DBO_5.10","DBO_5",NA,-157.925,71.62,"sample","30",1,"niskin bottle","Sterivex",0.22,"95% ethanol","","DBO","Matt Galaska","KL","2024_05_07","Qiagen DNeasy Blood and Tissue w/ EconoSpin column","vial",100,"34_2024","H8"
"e04167",0,0,0,0,0,0,0,0,0,0,0,0,0,"e1944","water",2023,9,21,"DBO_5.10","DBO_5",NA,-157.925,71.62,"sample","10",1,"niskin bottle","Sterivex",0.22,"95% ethanol","","DBO","Matt Galaska","KL","2024_05_07","Qiagen DNeasy Blood and Tissue w/ EconoSpin column","vial",100,"34_2024","A9"
"e04168",0,0,0,0,0,0,0,0,0,0,0,0,0,"e1945","water",2023,9,21,"BF2","BF2",NA,-154.46115,71.75125,"sample","79",1,"niskin bottle","Sterivex",0.22,"95% ethanol","","DBO","Matt Galaska","KL","2024_05_07","Qiagen DNeasy Blood and Tissue w/ EconoSpin column","vial",100,"34_2024","B9"
"e04169",0,0,0,0,0,0,0,0,0,0,0,0,0,"e1946","water",2023,9,21,"BF2","BF2",NA,-154.46115,71.75125,"sample","30",1,"niskin bottle","Sterivex",0.22,"95% ethanol","","DBO","Matt Galaska","KL","2024_05_07","Qiagen DNeasy Blood and Tissue w/ EconoSpin column","vial",100,"34_2024","C9"
"e04170",0,0,0,66,0,0,0,0,0,0,0,0,0,"e1947","water",2023,9,21,"BF2","BF2",NA,-154.46115,71.75125,"sample","10",1,"niskin bottle","Sterivex",0.22,"95% ethanol","","DBO","Matt Galaska","KL","2024_05_07","Qiagen DNeasy Blood and Tissue w/ EconoSpin column","vial",100,"34_2024","D9"
"e04171",0,0,0,0,0,0,0,0,0,0,0,0,0,"e1948","water",2023,9,22,"CK9","CK9",NA,-156.55,72.46666667,"sample","993",1,"niskin bottle","Sterivex",0.22,"95% ethanol","","DBO","Matt Galaska","KL","2024_05_07","Qiagen DNeasy Blood and Tissue w/ EconoSpin column","vial",100,"34_2024","E9"
"e04172",0,0,0,0,0,0,0,0,0,0,0,0,0,"e1949","water",2023,9,22,"CK9","CK9",NA,-156.55,72.46666667,"sample","505",1,"niskin bottle","Sterivex",0.22,"95% ethanol","","DBO","Matt Galaska","KL","2024_05_07","Qiagen DNeasy Blood and Tissue w/ EconoSpin column","vial",100,"34_2024","F9"
"e04173",0,0,0,0,0,0,0,0,0,0,0,0,0,"e1950","water",2023,9,22,"CK9","CK9",NA,-156.55,72.46666667,"sample","100",1,"niskin bottle","Sterivex",0.22,"95% ethanol","","DBO","Matt Galaska","KL","2024_05_17","Qiagen DNeasy Blood and Tissue w/ EconoSpin column","vial",100,"34_2024","G9"
"e04174",0,0,0,0,0,0,0,0,0,0,0,0,0,"e1951","water",2023,9,22,"CK9","CK9",NA,-156.55,72.46666667,"sample","30",1,"niskin bottle","Sterivex",0.22,"95% ethanol","","DBO","Matt Galaska","KL","2024_05_17","Qiagen DNeasy Blood and Tissue w/ EconoSpin column","vial",100,"34_2024","H9"
"e04175",0,0,0,0,0,0,0,0,0,0,0,0,0,"e1952","water",2023,9,22,"CK9","CK9",NA,-156.55,72.46666667,"sample","10",1,"niskin bottle","Sterivex",0.22,"95% ethanol","","DBO","Matt Galaska","KL","2024_05_17","Qiagen DNeasy Blood and Tissue w/ EconoSpin column","vial",100,"34_2024","A10"
"e04176",0,0,0,0,0,0,0,0,0,0,0,0,0,"e1953","water",2023,9,23,"DBO_4.1n","DBO_4",NA,-160.27,71.194,"sample","49.2",1,"niskin bottle","Sterivex",0.22,"95% ethanol","","DBO","Matt Galaska","KL","2024_05_17","Qiagen DNeasy Blood and Tissue w/ EconoSpin column","vial",100,"34_2024","B10"
"e04177",0,0,0,0,0,0,0,0,0,0,0,0,0,"e1954","water",2023,9,23,"DBO_4.1n","DBO_4",NA,-160.27,71.194,"sample","30",1,"niskin bottle","Sterivex",0.22,"95% ethanol","","DBO","Matt Galaska","KL","2024_05_17","Qiagen DNeasy Blood and Tissue w/ EconoSpin column","vial",100,"34_2024","C10"
"e04178",0,0,0,0,0,0,0,0,0,0,0,0,0,"e1955","water",2023,9,23,"DBO_4.1n","DBO_4",NA,-160.27,71.194,"sample","10",1,"niskin bottle","Sterivex",0.22,"95% ethanol","","DBO","Matt Galaska","KL","2024_05_17","Qiagen DNeasy Blood and Tissue w/ EconoSpin column","vial",100,"34_2024","D10"
"e04179",0,0,0,0,0,0,0,0,87,0,0,0,0,"e1956","water",2023,9,23,"DBO_4.2n","DBO_4",NA,-160.6515,71.32183333,"sample","43.2",1,"niskin bottle","Sterivex",0.22,"95% ethanol","","DBO","Matt Galaska","KL","2024_05_15","Qiagen DNeasy Blood and Tissue w/ EconoSpin column","vial",100,"34_2024","E10"
"e04180",0,0,0,0,0,0,0,0,0,0,0,0,0,"e1957","water",2023,9,23,"DBO_4.2n","DBO_4",NA,-160.6515,71.32183333,"sample","30",1,"niskin bottle","Sterivex",0.22,"95% ethanol","","DBO","Matt Galaska","KL","2024_05_15","Qiagen DNeasy Blood and Tissue w/ EconoSpin column","vial",100,"34_2024","F10"
"e04181",0,0,0,0,0,98,0,0,0,0,0,0,0,"e1958","water",2023,9,23,"DBO_4.2n","DBO_4",NA,-160.6515,71.32183333,"sample","10",1,"niskin bottle","Sterivex",0.22,"95% ethanol","","DBO","Matt Galaska","KL","2024_05_17","Qiagen DNeasy Blood and Tissue w/ EconoSpin column","vial",100,"34_2024","G10"
"e04182",0,0,0,0,0,0,0,0,0,0,0,0,0,"e1959","water",2023,9,23,"DBO_4.3n","DBO_4",NA,-161.03895,71.45425,"sample","42.1",1,"niskin bottle","Sterivex",0.22,"95% ethanol","","DBO","Matt Galaska","KL","2024_05_15","Qiagen DNeasy Blood and Tissue w/ EconoSpin column","vial",100,"34_2024","H10"
"e04183",0,0,0,0,0,0,0,0,0,0,0,0,0,"e1960","water",2023,9,23,"DBO_4.3n","DBO_4",NA,-161.03895,71.45425,"sample","30",1,"niskin bottle","Sterivex",0.22,"95% ethanol","","DBO","Matt Galaska","KL","2024_05_15","Qiagen DNeasy Blood and Tissue w/ EconoSpin column","vial",100,"34_2024","A11"
"e04184",0,0,0,0,0,0,0,0,0,0,0,0,0,"e1961","water",2023,9,23,"DBO_4.3n","DBO_4",NA,-161.03895,71.45425,"sample","10",1,"niskin bottle","Sterivex",0.22,"95% ethanol","","DBO","Matt Galaska","KL","2024_05_15","Qiagen DNeasy Blood and Tissue w/ EconoSpin column","vial",100,"34_2024","B11"
"e04185",0,0,0,0,0,0,0,0,0,0,0,0,0,"e1962","water",2023,9,24,"DBO_4.4n","DBO_4",NA,-161.402,71.588,"sample","42.4",1,"niskin bottle","Sterivex",0.22,"95% ethanol","","DBO","Matt Galaska","KL","2024_05_15","Qiagen DNeasy Blood and Tissue w/ EconoSpin column","vial",100,"34_2024","C11"
"e04186",0,0,0,0,0,0,0,0,0,0,0,0,0,"e1963","water",2023,9,24,"DBO_4.4n","DBO_4",NA,-161.402,71.588,"sample","30",1,"niskin bottle","Sterivex",0.22,"95% ethanol","","DBO","Matt Galaska","KL","2024_05_15","Qiagen DNeasy Blood and Tissue w/ EconoSpin column","vial",100,"34_2024","D11"
"e04187",0,0,0,0,0,0,0,0,0,0,0,0,0,"e1964","water",2023,9,24,"DBO_4.4n","DBO_4",NA,-161.402,71.588,"sample","10",1,"niskin bottle","Sterivex",0.22,"95% ethanol","","DBO","Matt Galaska","KL","2024_05_15","Qiagen DNeasy Blood and Tissue w/ EconoSpin column","vial",100,"34_2024","E11"
"e04188",0,0,0,0,0,0,0,0,0,0,0,0,0,"e1965","water",2023,9,24,"DBO_4.5n","DBO_4",NA,-161.774,71.72,"sample","38.2",1,"niskin bottle","Sterivex",0.22,"95% ethanol","","DBO","Matt Galaska","KL","2024_05_15","Qiagen DNeasy Blood and Tissue w/ EconoSpin column","vial",100,"34_2024","F11"
"e04189",0,0,0,0,40,0,0,0,0,0,0,0,0,"e1966","water",2023,9,24,"DBO_4.5n","DBO_4",NA,-161.774,71.72,"sample","30",1,"niskin bottle","Sterivex",0.22,"95% ethanol","","DBO","Matt Galaska","KL","2024_05_15","Qiagen DNeasy Blood and Tissue w/ EconoSpin column","vial",100,"34_2024","G11"
"e04190",0,0,0,0,0,0,0,0,0,0,0,0,0,"e1967","water",2023,9,24,"DBO_4.5n","DBO_4",NA,-161.774,71.72,"sample","10",1,"niskin bottle","Sterivex",0.22,"95% ethanol","","DBO","Matt Galaska","KL","2024_05_15","Qiagen DNeasy Blood and Tissue w/ EconoSpin column","vial",100,"34_2024","H11"
"e04191",94,0,0,0,0,0,0,0,0,0,0,0,0,"e1968","water",2023,9,24,"DBO_4.6n","DBO_4",NA,-162.1568333,71.85005,"sample","36.2",1,"niskin bottle","Sterivex",0.22,"95% ethanol","","DBO","Matt Galaska","KL","2024_05_21","Qiagen DNeasy Blood and Tissue w/ EconoSpin column","vial",100,"34_2024","A12"
"e04192",0,0,0,0,0,0,0,0,0,0,0,0,0,"e1969","water",2023,9,24,"DBO_4.6n","DBO_4",NA,-162.1568333,71.85005,"sample","30",1,"niskin bottle","Sterivex",0.22,"95% ethanol","","DBO","Matt Galaska","KL","2024_05_21","Qiagen DNeasy Blood and Tissue w/ EconoSpin column","vial",100,"34_2024","B12"
"e04193",0,0,0,0,0,0,0,0,0,0,0,0,0,"e1970","water",2023,9,24,"DBO_4.6n","DBO_4",NA,-162.1568333,71.85005,"sample","10",1,"niskin bottle","Sterivex",0.22,"95% ethanol","","DBO","Matt Galaska","KL","2024_05_21","Qiagen DNeasy Blood and Tissue w/ EconoSpin column","vial",100,"34_2024","C12"
"e04194",0,0,0,0,0,0,0,0,0,0,0,0,0,"e1971","water",2023,9,26,"IC_11","IC",NA,-162.4907667,70.57966667,"sample","34.2",1,"niskin bottle","Sterivex",0.22,"95% ethanol","","DBO","Matt Galaska","KL","2024_05_21","Qiagen DNeasy Blood and Tissue w/ EconoSpin column","vial",100,"34_2024","D12"
"e04195",0,0,0,0,0,0,0,0,0,0,0,0,0,"e1972","water",2023,9,26,"IC_11","IC",NA,-162.4907667,70.57966667,"sample","10",1,"niskin bottle","Sterivex",0.22,"95% ethanol","","DBO","Matt Galaska","KL","2024_05_21","Qiagen DNeasy Blood and Tissue w/ EconoSpin column","vial",100,"34_2024","E12"
"e04196",0,0,0,0,0,0,0,0,0,0,0,0,0,"e1973","water",2023,9,26,"IC_10","IC",NA,-162.8565,70.7172,"sample","37.1",1,"niskin bottle","Sterivex",0.22,"95% ethanol","","DBO","Matt Galaska","KL","2024_05_21","Qiagen DNeasy Blood and Tissue w/ EconoSpin column","vial",100,"34_2024","F12"
"e04197",0,0,0,0,0,0,0,0,0,0,0,0,0,"e1974","water",2023,9,26,"IC_10","IC",NA,-162.8565,70.7172,"sample","10",1,"niskin bottle","Sterivex",0.22,"95% ethanol","","DBO","Matt Galaska","KL","2024_05_17","Qiagen DNeasy Blood and Tissue w/ EconoSpin column","vial",100,"35_2024","A1"
"e04198",0,0,0,0,0,0,0,0,0,0,0,0,0,"e1975","water",2023,9,26,"IC_9","IC",NA,-163.1872,70.849,"sample","39.3",1,"niskin bottle","Sterivex",0.22,"95% ethanol","","DBO","Matt Galaska","KL","2024_05_17","Qiagen DNeasy Blood and Tissue w/ EconoSpin column","vial",100,"35_2024","B1"
"e04199",0,0,0,0,0,0,0,0,0,0,0,0,0,"e1976","water",2023,9,26,"IC_9","IC",NA,-163.1872,70.849,"sample","10",1,"niskin bottle","Sterivex",0.22,"95% ethanol","","DBO","Matt Galaska","KL","2024_05_21","Qiagen DNeasy Blood and Tissue w/ EconoSpin column","vial",100,"35_2024","C1"
"e04200",0,0,0,0,0,0,0,0,0,0,0,0,0,"e1977","water",2023,9,26,"IC_8","IC",NA,-163.5642,70.9725,"sample","40.2",1,"niskin bottle","Sterivex",0.22,"95% ethanol","","DBO","Matt Galaska","KL","2024_05_17","Qiagen DNeasy Blood and Tissue w/ EconoSpin column","vial",100,"35_2024","D1"
"e04201",0,0,0,0,0,0,0,0,0,0,0,0,0,"e1978","water",2023,9,26,"IC_8","IC",NA,-163.5642,70.9725,"sample","30",1,"niskin bottle","Sterivex",0.22,"95% ethanol","","DBO","Matt Galaska","KL","2024_05_17","Qiagen DNeasy Blood and Tissue w/ EconoSpin column","vial",100,"35_2024","E1"
"e04202",0,0,0,0,0,0,0,0,0,0,0,0,0,"e1979","water",2023,9,26,"IC_8","IC",NA,-163.5642,70.9725,"sample","10",1,"niskin bottle","Sterivex",0.22,"95% ethanol","","DBO","Matt Galaska","KL","2024_05_17","Qiagen DNeasy Blood and Tissue w/ EconoSpin column","vial",100,"35_2024","F1"
"e04203",0,0,0,0,0,0,0,0,0,0,0,0,0,"e1980","water",2023,9,26,"IC_7","IC",NA,-163.8018,71.0847,"sample","38.1",1,"niskin bottle","Sterivex",0.22,"95% ethanol","","DBO","Matt Galaska","KL","2024_05_17","Qiagen DNeasy Blood and Tissue w/ EconoSpin column","vial",100,"35_2024","G1"
"e04204",0,0,0,0,0,0,0,0,0,0,0,0,0,"e1981","water",2023,9,26,"IC_7","IC",NA,-163.8018,71.0847,"sample","10.4",1,"niskin bottle","Sterivex",0.22,"95% ethanol","","DBO","Matt Galaska","KL","2024_05_17","Qiagen DNeasy Blood and Tissue w/ EconoSpin column","vial",100,"35_2024","H1"
"e04205",0,0,0,0,0,0,0,0,698,0,0,0,0,"e1982","water",2023,9,26,"IC_6","IC",NA,-164.2018,71.195,"sample","39.1",1,"niskin bottle","Sterivex",0.22,"95% ethanol","","DBO","Matt Galaska","KL","2024_05_15","Qiagen DNeasy Blood and Tissue w/ EconoSpin column","vial",100,"35_2024","A2"
"e04206",0,0,0,0,0,0,0,0,0,0,0,0,0,"e1983","water",2023,9,26,"IC_6","IC",NA,-164.2018,71.195,"sample","10",1,"niskin bottle","Sterivex",0.22,"95% ethanol","","DBO","Matt Galaska","KL","2024_05_17","Qiagen DNeasy Blood and Tissue w/ EconoSpin column","vial",100,"35_2024","B2"
"e04207",0,0,0,0,0,0,0,0,0,0,0,0,0,"e1984","water",2023,9,27,"IC_5","IC",NA,-164.6117,71.3367,"sample","39.1",1,"niskin bottle","Sterivex",0.22,"95% ethanol","","DBO","Matt Galaska","KL","2024_05_15","Qiagen DNeasy Blood and Tissue w/ EconoSpin column","vial",100,"35_2024","C2"
"e04208",0,0,0,0,0,0,0,0,0,0,0,0,0,"e1985","water",2023,9,27,"IC_5","IC",NA,-164.6117,71.3367,"sample","10",1,"niskin bottle","Sterivex",0.22,"95% ethanol","","DBO","Matt Galaska","KL","2024_05_17","Qiagen DNeasy Blood and Tissue w/ EconoSpin column","vial",100,"35_2024","D2"
"e04209",0,0,0,0,0,0,0,0,0,0,0,0,0,"e1986","water",2023,9,27,"IC_4","IC",NA,-164.919,71.4485,"sample","37.1",1,"niskin bottle","Sterivex",0.22,"95% ethanol","","DBO","Matt Galaska","KL","2024_05_15","Qiagen DNeasy Blood and Tissue w/ EconoSpin column","vial",100,"35_2024","E2"
"e04210",0,0,0,0,0,0,0,0,0,0,0,0,0,"e1987","water",2023,9,27,"IC_4","IC",NA,-164.919,71.4485,"sample","10",1,"niskin bottle","Sterivex",0.22,"95% ethanol","","DBO","Matt Galaska","KL","2024_05_17","Qiagen DNeasy Blood and Tissue w/ EconoSpin column","vial",100,"35_2024","F2"
"e04211",0,0,0,0,0,0,0,0,0,0,0,0,0,"e1988","water",2023,9,27,"IC_3","IC",NA,-165.3038167,71.60053333,"sample","37.3",1,"niskin bottle","Sterivex",0.22,"95% ethanol","","DBO","Matt Galaska","KL","2024_05_17","Qiagen DNeasy Blood and Tissue w/ EconoSpin column","vial",100,"35_2024","G2"
"e04212",0,0,0,0,0,0,0,0,0,0,0,0,0,"e1989","water",2023,9,27,"IC_3","IC",NA,-165.3038167,71.60053333,"sample","10",1,"niskin bottle","Sterivex",0.22,"95% ethanol","","DBO","Matt Galaska","KL","2024_05_17","Qiagen DNeasy Blood and Tissue w/ EconoSpin column","vial",100,"35_2024","H2"
"e04213",0,0,0,0,0,0,0,0,0,0,0,0,0,"e1990","water",2023,9,27,"IC_2","IC",NA,-165.6028,71.7052,"sample","36.2",1,"niskin bottle","Sterivex",0.22,"95% ethanol","","DBO","Matt Galaska","KL","2024_05_17","Qiagen DNeasy Blood and Tissue w/ EconoSpin column","vial",100,"35_2024","A3"
"e04214",0,0,0,0,307,0,0,0,0,0,0,0,0,"e1991","water",2023,9,27,"IC_2","IC",NA,-165.6028,71.7052,"sample","10",1,"niskin bottle","Sterivex",0.22,"95% ethanol","","DBO","Matt Galaska","KL","2024_05_17","Qiagen DNeasy Blood and Tissue w/ EconoSpin column","vial",100,"35_2024","B3"
"e04215",0,0,0,17,0,0,0,0,0,0,0,0,0,"e1992","water",2023,9,27,"IC_1","IC",NA,-165.9698,71.8302,"sample","39.1",1,"niskin bottle","Sterivex",0.22,"95% ethanol","","DBO","Matt Galaska","KL","2024_05_17","Qiagen DNeasy Blood and Tissue w/ EconoSpin column","vial",100,"35_2024","C3"
"e04216",0,0,0,0,8,0,0,0,0,0,0,0,0,"e1993","water",2023,9,27,"IC_1","IC",NA,-165.9698,71.8302,"sample","10",1,"niskin bottle","Sterivex",0.22,"95% ethanol","","DBO","Matt Galaska","KL","2024_05_17","Qiagen DNeasy Blood and Tissue w/ EconoSpin column","vial",100,"35_2024","D3"
"e04217",0,0,0,0,0,0,0,0,0,0,0,0,0,"e1994","water",2023,9,29,"DBO_3.8","DBO_3",NA,-168.948,67.67653333,"sample","45.5",1,"niskin bottle","Sterivex",0.22,"95% ethanol","","DBO","Matt Galaska","KL","2024_05_28","Qiagen DNeasy Blood and Tissue w/ EconoSpin column","vial",100,"35_2024","E3"
"e04218",0,0,0,0,0,0,0,0,0,0,0,0,0,"e1995","water",2023,9,29,"DBO_3.8","DBO_3",NA,-168.948,67.67653333,"sample","30",1,"niskin bottle","Sterivex",0.22,"95% ethanol","","DBO","Matt Galaska","KL","2024_05_28","Qiagen DNeasy Blood and Tissue w/ EconoSpin column","vial",100,"35_2024","F3"
"e04219",0,0,0,0,0,67,0,0,55,0,0,0,0,"e1996","water",2023,9,29,"DBO_3.8","DBO_3",NA,-168.948,67.67653333,"sample","10",1,"niskin bottle","Sterivex",0.22,"95% ethanol","","DBO","Matt Galaska","KL","2024_05_28","Qiagen DNeasy Blood and Tissue w/ EconoSpin column","vial",100,"35_2024","G3"
"e04220",0,0,0,0,0,0,0,0,0,0,0,0,0,"e1997","water",2023,9,29,"DBO_3.7","DBO_3",NA,-168.596,67.78333333,"sample","45.4",1,"niskin bottle","Sterivex",0.22,"95% ethanol","","DBO","Matt Galaska","KL","2024_05_28","Qiagen DNeasy Blood and Tissue w/ EconoSpin column","vial",100,"35_2024","H3"
"e04221",0,0,0,0,0,0,0,0,0,0,0,0,0,"e1998","water",2023,9,29,"DBO_3.7","DBO_3",NA,-168.596,67.78333333,"sample","30.2",1,"niskin bottle","Sterivex",0.22,"95% ethanol","","DBO","Matt Galaska","KL","2024_05_28","Qiagen DNeasy Blood and Tissue w/ EconoSpin column","vial",100,"35_2024","A4"
"e04222",0,0,0,0,0,0,0,0,0,0,0,0,0,"e1999","water",2023,9,29,"DBO_3.7","DBO_3",NA,-168.596,67.78333333,"sample","10",1,"niskin bottle","Sterivex",0.22,"95% ethanol","","DBO","Matt Galaska","KL","2024_05_28","Qiagen DNeasy Blood and Tissue w/ EconoSpin column","vial",100,"35_2024","B4"
"e04223",0,0,0,0,0,0,0,0,0,0,0,0,0,"e2000","water",2023,9,29,"DBO_3.6","DBO_3",NA,-168.234,67.8975,"sample","53.5",1,"niskin bottle","Sterivex",0.22,"95% ethanol","","DBO","Matt Galaska","KL","2024_05_28","Qiagen DNeasy Blood and Tissue w/ EconoSpin column","vial",100,"35_2024","C4"
"e04224",0,0,0,0,0,0,0,0,0,0,0,0,0,"e2001","water",2023,9,29,"DBO_3.6","DBO_3",NA,-168.234,67.8975,"sample","30",1,"niskin bottle","Sterivex",0.22,"95% ethanol","","DBO","Matt Galaska","KL","2024_05_28","Qiagen DNeasy Blood and Tissue w/ EconoSpin column","vial",100,"35_2024","D4"
"e04225",0,0,0,0,0,0,0,0,0,0,0,0,0,"e2002","water",2023,9,29,"DBO_3.6","DBO_3",NA,-168.234,67.8975,"sample","10",1,"niskin bottle","Sterivex",0.22,"95% ethanol","","DBO","Matt Galaska","KL","2024_05_28","Qiagen DNeasy Blood and Tissue w/ EconoSpin column","vial",100,"35_2024","E4"
"e04226",0,0,0,0,0,0,0,0,0,0,0,0,0,"e2003","water",2023,10,1,"DBO_3.4","DBO_3",NA,-167.4869667,67.1329,"sample","44",1,"niskin bottle","Sterivex",0.22,"95% ethanol","","DBO","Matt Galaska","KL","2024_05_28","Qiagen DNeasy Blood and Tissue w/ EconoSpin column","vial",100,"35_2024","F4"
"e04227",0,0,0,0,0,0,0,0,0,0,0,0,0,"e2004","water",2023,10,1,"DBO_3.4","DBO_3",NA,-167.4869667,67.1329,"sample","30",1,"niskin bottle","Sterivex",0.22,"95% ethanol","","DBO","Matt Galaska","KL","2024_05_28","Qiagen DNeasy Blood and Tissue w/ EconoSpin column","vial",100,"35_2024","G4"
"e04228",0,0,0,0,0,0,0,0,0,0,0,0,0,"e2005","water",2023,10,1,"DBO_3.4","DBO_3",NA,-167.4869667,67.1329,"sample","10",1,"niskin bottle","Sterivex",0.22,"95% ethanol","","DBO","Matt Galaska","KL","2024_05_28","Qiagen DNeasy Blood and Tissue w/ EconoSpin column","vial",100,"35_2024","H4"
"e04229",0,0,0,0,0,0,0,0,0,0,0,0,0,"e2006","water",2023,10,1,"DBO_3.5","DBO_3",NA,-167.875,67.013,"sample","47.4",1,"niskin bottle","Sterivex",0.22,"95% ethanol","","DBO","Matt Galaska","KL","2024_05_28","Qiagen DNeasy Blood and Tissue w/ EconoSpin column","vial",100,"35_2024","A5"
"e04230",0,0,0,0,0,0,0,0,0,0,0,0,0,"e2007","water",2023,10,1,"DBO_3.5","DBO_3",NA,-167.875,67.013,"sample","30",1,"niskin bottle","Sterivex",0.22,"95% ethanol","","DBO","Matt Galaska","KL","2024_05_28","Qiagen DNeasy Blood and Tissue w/ EconoSpin column","vial",100,"35_2024","B5"
"e04231",0,0,0,0,0,0,0,0,0,0,0,0,0,"e2008","water",2023,10,1,"DBO_3.5","DBO_3",NA,-167.875,67.013,"sample","10",1,"niskin bottle","Sterivex",0.22,"95% ethanol","","DBO","Matt Galaska","KL","2024_05_28","Qiagen DNeasy Blood and Tissue w/ EconoSpin column","vial",100,"35_2024","C5"
"e04232",0,0,0,0,0,0,0,0,0,0,0,0,0,"e2009","water",2023,10,1,"DBO_3.3","DBO_3",NA,-167.2949667,68.18673333,"sample","42",1,"niskin bottle","Sterivex",0.22,"95% ethanol","","DBO","Matt Galaska","KL","2024_05_28","Qiagen DNeasy Blood and Tissue w/ EconoSpin column","vial",100,"35_2024","D5"
"e04233",0,0,0,0,0,0,0,0,0,0,0,0,0,"e2010","water",2023,10,1,"DBO_3.3","DBO_3",NA,-167.2949667,68.18673333,"sample","30",1,"niskin bottle","Sterivex",0.22,"95% ethanol","","DBO","Matt Galaska","KL","2024_05_28","Qiagen DNeasy Blood and Tissue w/ EconoSpin column","vial",100,"35_2024","E5"
"e04234",0,0,0,0,0,0,0,0,0,0,0,0,0,"e2011","water",2023,10,1,"DBO_3.3","DBO_3",NA,-167.2949667,68.18673333,"sample","10",1,"niskin bottle","Sterivex",0.22,"95% ethanol","","DBO","Matt Galaska","KL","2024_05_28","Qiagen DNeasy Blood and Tissue w/ EconoSpin column","vial",100,"35_2024","F5"
"e04235",0,0,0,0,0,0,0,0,0,0,0,0,0,"e2012","water",2023,10,1,"DBO_3.2","DBO_3",NA,-167.122,68.24683333,"sample","38.3",1,"niskin bottle","Sterivex",0.22,"95% ethanol","","DBO","Matt Galaska","KL","2024_05_28","Qiagen DNeasy Blood and Tissue w/ EconoSpin column","vial",100,"35_2024","G5"
"e04236",0,0,0,0,0,0,0,0,0,0,0,0,0,"e2013","water",2023,10,1,"DBO_3.2","DBO_3",NA,-167.122,68.24683333,"sample","10",1,"niskin bottle","Sterivex",0.22,"95% ethanol","","DBO","Matt Galaska","KL","2024_05_28","Qiagen DNeasy Blood and Tissue w/ EconoSpin column","vial",100,"35_2024","H5"
"e04237",0,0,0,0,0,0,0,0,0,0,0,0,0,"e2014","water",2023,10,2,"DBO_3.1","DBO_3",NA,-166.924,68.30416667,"sample","30",1,"niskin bottle","Sterivex",0.22,"95% ethanol","","DBO","Matt Galaska","KL","2024_05_28","Qiagen DNeasy Blood and Tissue w/ EconoSpin column","vial",100,"35_2024","A6"
"e04238",0,0,0,0,0,0,0,0,0,0,0,50,0,"e2015","water",2023,10,2,"DBO_3.1","DBO_3",NA,-166.924,68.30416667,"sample","10",1,"niskin bottle","Sterivex",0.22,"95% ethanol","","DBO","Matt Galaska","KL","2024_05_28","Qiagen DNeasy Blood and Tissue w/ EconoSpin column","vial",100,"35_2024","B6"
"e04239",0,0,0,0,0,0,0,0,0,0,0,0,0,"e2016","water",2023,10,2,"BS_8","BS",NA,-168.8396833,65.78238333,"sample","43.2",1,"niskin bottle","Sterivex",0.22,"95% ethanol","","DBO","Matt Galaska","KL","2024_05_25","Qiagen DNeasy Blood and Tissue w/ EconoSpin column","vial",100,"35_2024","C6"
"e04240",0,0,0,0,0,0,0,0,0,0,0,0,0,"e2017","water",2023,10,2,"BS_8","BS",NA,-168.8396833,65.78238333,"sample","30",1,"niskin bottle","Sterivex",0.22,"95% ethanol","","DBO","Matt Galaska","KL","2024_05_25","Qiagen DNeasy Blood and Tissue w/ EconoSpin column","vial",100,"35_2024","D6"
"e04241",0,0,0,0,0,0,0,0,0,0,0,0,0,"e2018","water",2023,10,2,"BS_8","BS",NA,-168.8396833,65.78238333,"sample","10",1,"niskin bottle","Sterivex",0.22,"95% ethanol","","DBO","Matt Galaska","KL","2024_05_25","Qiagen DNeasy Blood and Tissue w/ EconoSpin column","vial",100,"35_2024","E6"
"e04242",0,0,0,0,0,0,0,0,0,0,0,0,0,"e2019","water",2023,10,2,"BS_6","BS",NA,-168.65,65.7375,"sample","46.3",1,"niskin bottle","Sterivex",0.22,"95% ethanol","","DBO","Matt Galaska","KL","2024_05_25","Qiagen DNeasy Blood and Tissue w/ EconoSpin column","vial",100,"35_2024","F6"
"e04243",0,0,0,0,0,0,0,0,0,0,0,0,0,"e2020","water",2023,10,2,"BS_6","BS",NA,-168.65,65.7375,"sample","30",1,"niskin bottle","Sterivex",0.22,"95% ethanol","","DBO","Matt Galaska","KL","2024_05_25","Qiagen DNeasy Blood and Tissue w/ EconoSpin column","vial",100,"35_2024","G6"
"e04244",0,0,0,0,0,0,0,0,0,0,0,0,0,"e2021","water",2023,9,2,"BS_6","BS",NA,-168.65,65.7375,"sample","10",1,"niskin bottle","Sterivex",0.22,"95% ethanol","","DBO","Matt Galaska","KL","2024_05_25","Qiagen DNeasy Blood and Tissue w/ EconoSpin column","vial",100,"35_2024","H6"
"e04245",0,0,0,0,0,0,0,0,0,0,0,0,0,"e2022","water",2023,9,3,"BS_3","BS",NA,-168.3679,65.66991667,"sample","47.8",1,"niskin bottle","Sterivex",0.22,"95% ethanol","","DBO","Matt Galaska","KL","2024_05_25","Qiagen DNeasy Blood and Tissue w/ EconoSpin column","vial",100,"35_2024","A7"
"e04246",0,0,0,0,0,0,0,0,0,0,0,0,0,"e2023","water",2023,9,3,"BS_3","BS",NA,-168.3679,65.66991667,"sample","30",1,"niskin bottle","Sterivex",0.22,"95% ethanol","","DBO","Matt Galaska","KL","2024_05_25","Qiagen DNeasy Blood and Tissue w/ EconoSpin column","vial",100,"35_2024","B7"
"e04247",0,0,0,0,0,0,0,50,0,0,0,0,0,"e2024","water",2023,9,3,"BS_3","BS",NA,-168.3679,65.66991667,"sample","10",1,"niskin bottle","Sterivex",0.22,"95% ethanol","","DBO","Matt Galaska","KL","2024_05_25","Qiagen DNeasy Blood and Tissue w/ EconoSpin column","vial",100,"35_2024","C7"
"e04248",0,0,0,0,0,0,0,0,0,0,0,0,0,"e2025","water",2023,9,3,"BS_1","BS",NA,-168.1528333,65.61833333,"sample","24.2",1,"niskin bottle","Sterivex",0.22,"95% ethanol","","DBO","Matt Galaska","KL","2024_05_25","Qiagen DNeasy Blood and Tissue w/ EconoSpin column","vial",100,"35_2024","D7"
"e04249",0,0,0,0,0,0,0,0,0,0,0,222,0,"e2026","water",2023,9,3,"BS_1","BS",NA,-168.1528333,65.61833333,"sample","10",1,"niskin bottle","Sterivex",0.22,"95% ethanol","","DBO","Matt Galaska","KL","2024_05_25","Qiagen DNeasy Blood and Tissue w/ EconoSpin column","vial",100,"35_2024","E7"
"e04250",0,0,0,0,0,0,0,0,0,0,0,0,0,"NC5","water",2023,NA,NA,NA,NA,NA,NA,NA,"extraction_blank",NA,NA,NA,NA,NA,NA,NA,"DBO","Matt Galaska","KL","2024_05_28","Qiagen DNeasy Blood and Tissue w/ EconoSpin column","vial",100,"35_2024","F7"
"e04251",0,0,0,0,0,0,0,0,0,0,0,0,0,"e2028","water",2023,10,2,NA,NA,NA,NA,NA,"field_blank",NA,1,NA,"Sterivex",0.22,"95% ethanol","","DBO","Matt Galaska","KL","2024_05","Qiagen DNeasy Blood and Tissue w/ EconoSpin column","vial",100,"35_2024","G7"
"e04252",0,0,0,0,0,0,0,0,0,0,0,0,0,"e2029","water",2023,9,21,NA,NA,NA,NA,NA,"field_blank",NA,1,NA,"Sterivex",0.22,"95% ethanol","","DBO","Matt Galaska","KL","2024_05","Qiagen DNeasy Blood and Tissue w/ EconoSpin column","vial",100,"35_2024","H7"
"e04253",0,0,0,0,0,0,0,0,0,0,0,0,0,"e2030","water",2023,11,14,NA,NA,NA,NA,NA,"field_blank",NA,1,NA,"Sterivex",0.22,"95% ethanol","","DBO","Matt Galaska","KL","2024_05","Qiagen DNeasy Blood and Tissue w/ EconoSpin column","vial",100,"35_2024","A8"
"e04254",0,0,0,0,0,0,0,0,0,0,0,0,0,"NC1","water",2023,NA,NA,NA,NA,NA,NA,NA,"extraction_blank",NA,NA,NA,NA,NA,NA,NA,"DBO","Matt Galaska","KL","2024_05_07","Qiagen DNeasy Blood and Tissue w/ EconoSpin column","vial",100,"35_2024","B8"
"e04255",0,0,0,0,0,0,0,0,0,0,0,0,0,"NC2","water",2023,NA,NA,NA,NA,NA,NA,NA,"extraction_blank",NA,NA,NA,NA,NA,NA,NA,"DBO","Matt Galaska","KL","2024_05_15","Qiagen DNeasy Blood and Tissue w/ EconoSpin column","vial",100,"35_2024","C8"
"e04256",0,0,0,0,0,0,0,0,0,0,0,0,0,"NC3","water",2023,NA,NA,NA,NA,NA,NA,NA,"extraction_blank",NA,NA,NA,NA,NA,NA,NA,"DBO","Matt Galaska","KL","2024_05_17","Qiagen DNeasy Blood and Tissue w/ EconoSpin column","vial",100,"35_2024","D8"
"e04257",0,0,0,0,0,0,0,0,0,0,0,0,0,"NC4","water",2023,NA,NA,NA,NA,NA,NA,NA,"extraction_blank",NA,NA,NA,NA,NA,NA,NA,"DBO","Matt Galaska","KL","2024_05_21","Qiagen DNeasy Blood and Tissue w/ EconoSpin column","vial",100,"35_2024","E8"
"e04258",0,0,0,0,0,0,0,0,0,0,0,0,0,"e1877","water",2023,9,14,"M8","M8",NA,-174.6735,62.19491667,"sample","67.7",1,"niskin bottle","Sterivex",0.22,"95% ethanol","","DBO","Matt Galaska","KL","2024_05_08","Qiagen DNeasy Blood and Tissue w/ EconoSpin column","vial",100,"35_2024","F8"
"e04259",0,0,0,0,0,0,0,0,0,0,0,0,0,"e1878","water",2023,9,14,"M8","M8",NA,-174.6735,62.19491667,"sample","30",1,"niskin bottle","Sterivex",0.22,"95% ethanol","","DBO","Matt Galaska","KL","2024_05_08","Qiagen DNeasy Blood and Tissue w/ EconoSpin column","vial",100,"35_2024","G8"
"e04260",0,0,0,0,0,0,0,0,0,0,0,0,0,"e1879","water",2023,9,14,"M8","M8",NA,-174.6735,62.19491667,"sample","10",1,"niskin bottle","Sterivex",0.22,"95% ethanol","","DBO","Matt Galaska","KL","2024_05_08","Qiagen DNeasy Blood and Tissue w/ EconoSpin column","vial",100,"35_2024","H8"
