"","qseqid","species","seq_percID","top_perc","diff","taxonomic_level","taxon","genus","family","order","class","phylum","kingdom"
"1","ASV_0005","Oncorhynchus keta",100,100,0,"species","Oncorhynchus keta","Oncorhynchus","Salmonidae","Salmoniformes","Actinopteri","Chordata","Eukaryota"
"2","ASV_0008","Oncorhynchus tshawytscha",100,100,0,"species","Oncorhynchus tshawytscha","Oncorhynchus","Salmonidae","Salmoniformes","Actinopteri","Chordata","Eukaryota"
"3","ASV_0013","Oncorhynchus gorbuscha",100,100,0,"species","Oncorhynchus gorbuscha","Oncorhynchus","Salmonidae","Salmoniformes","Actinopteri","Chordata","Eukaryota"
"4","ASV_0017","Oncorhynchus kisutch",100,100,0,"species","Oncorhynchus kisutch","Oncorhynchus","Salmonidae","Salmoniformes","Actinopteri","Chordata","Eukaryota"
"5","ASV_0018","Oncorhynchus nerka",100,100,0,"species","Oncorhynchus nerka","Oncorhynchus","Salmonidae","Salmoniformes","Actinopteri","Chordata","Eukaryota"
"6","ASV_0032","Oncorhynchus tshawytscha",99.412,99.412,0,"species","Oncorhynchus tshawytscha","Oncorhynchus","Salmonidae","Salmoniformes","Actinopteri","Chordata","Eukaryota"
"7","ASV_0036","Oncorhynchus keta",99.408,99.408,0,"species","Oncorhynchus keta","Oncorhynchus","Salmonidae","Salmoniformes","Actinopteri","Chordata","Eukaryota"
"8","ASV_0039","Oncorhynchus nerka",100,100,0,"species","Oncorhynchus nerka","Oncorhynchus","Salmonidae","Salmoniformes","Actinopteri","Chordata","Eukaryota"
"9","ASV_0042","Oncorhynchus tshawytscha",99.412,99.412,0,"species","Oncorhynchus tshawytscha","Oncorhynchus","Salmonidae","Salmoniformes","Actinopteri","Chordata","Eukaryota"
"10","ASV_0045","Oncorhynchus keta",99.408,99.408,0,"species","Oncorhynchus keta","Oncorhynchus","Salmonidae","Salmoniformes","Actinopteri","Chordata","Eukaryota"
"11","ASV_0057","Oncorhynchus keta",100,100,0,"species","Oncorhynchus keta","Oncorhynchus","Salmonidae","Salmoniformes","Actinopteri","Chordata","Eukaryota"
"12","ASV_0095","Oncorhynchus kisutch",99.412,99.412,0,"species","Oncorhynchus kisutch","Oncorhynchus","Salmonidae","Salmoniformes","Actinopteri","Chordata","Eukaryota"
"13","ASV_0098","Oncorhynchus tshawytscha",98.824,98.824,0,"species","Oncorhynchus tshawytscha","Oncorhynchus","Salmonidae","Salmoniformes","Actinopteri","Chordata","Eukaryota"
"14","ASV_0106","Oncorhynchus gorbuscha",99.412,99.412,0,"species","Oncorhynchus gorbuscha","Oncorhynchus","Salmonidae","Salmoniformes","Actinopteri","Chordata","Eukaryota"
"15","ASV_0113","Oncorhynchus tshawytscha",100,100,0,"species","Oncorhynchus tshawytscha","Oncorhynchus","Salmonidae","Salmoniformes","Actinopteri","Chordata","Eukaryota"
"16","ASV_0133","Oncorhynchus gorbuscha",100,100,0,"species","Oncorhynchus gorbuscha","Oncorhynchus","Salmonidae","Salmoniformes","Actinopteri","Chordata","Eukaryota"
"17","ASV_0144","Oncorhynchus keta",99.408,99.408,0,"species","Oncorhynchus keta","Oncorhynchus","Salmonidae","Salmoniformes","Actinopteri","Chordata","Eukaryota"
"18","ASV_0159","Oncorhynchus keta",99.408,99.408,0,"species","Oncorhynchus keta","Oncorhynchus","Salmonidae","Salmoniformes","Actinopteri","Chordata","Eukaryota"
"19","ASV_0162","Oncorhynchus keta",99.408,99.408,0,"species","Oncorhynchus keta","Oncorhynchus","Salmonidae","Salmoniformes","Actinopteri","Chordata","Eukaryota"
"20","ASV_0176","Oncorhynchus gorbuscha",98.824,98.824,0,"species","Oncorhynchus gorbuscha","Oncorhynchus","Salmonidae","Salmoniformes","Actinopteri","Chordata","Eukaryota"
"21","ASV_0183","Oncorhynchus gorbuscha",99.412,99.412,0,"species","Oncorhynchus gorbuscha","Oncorhynchus","Salmonidae","Salmoniformes","Actinopteri","Chordata","Eukaryota"
"22","ASV_0199","Oncorhynchus kisutch",98.824,98.824,0,"species","Oncorhynchus kisutch","Oncorhynchus","Salmonidae","Salmoniformes","Actinopteri","Chordata","Eukaryota"
"23","ASV_0209","Oncorhynchus keta",99.408,99.408,0,"species","Oncorhynchus keta","Oncorhynchus","Salmonidae","Salmoniformes","Actinopteri","Chordata","Eukaryota"
"24","ASV_0223","Oncorhynchus keta",99.408,99.408,0,"species","Oncorhynchus keta","Oncorhynchus","Salmonidae","Salmoniformes","Actinopteri","Chordata","Eukaryota"
"25","ASV_0231","Oncorhynchus nerka",100,100,0,"species","Oncorhynchus nerka","Oncorhynchus","Salmonidae","Salmoniformes","Actinopteri","Chordata","Eukaryota"
"26","ASV_0251","Oncorhynchus gorbuscha",99.412,99.412,0,"species","Oncorhynchus gorbuscha","Oncorhynchus","Salmonidae","Salmoniformes","Actinopteri","Chordata","Eukaryota"
"27","ASV_0260","Oncorhynchus keta",99.408,99.408,0,"species","Oncorhynchus keta","Oncorhynchus","Salmonidae","Salmoniformes","Actinopteri","Chordata","Eukaryota"
"28","ASV_0267","Oncorhynchus keta",99.408,99.408,0,"species","Oncorhynchus keta","Oncorhynchus","Salmonidae","Salmoniformes","Actinopteri","Chordata","Eukaryota"
"29","ASV_0275","Oncorhynchus keta",99.408,99.408,0,"species","Oncorhynchus keta","Oncorhynchus","Salmonidae","Salmoniformes","Actinopteri","Chordata","Eukaryota"
"30","ASV_0288","Oncorhynchus gorbuscha",99.412,99.412,0,"species","Oncorhynchus gorbuscha","Oncorhynchus","Salmonidae","Salmoniformes","Actinopteri","Chordata","Eukaryota"
"31","ASV_0293","Oncorhynchus keta",99.408,99.408,0,"species","Oncorhynchus keta","Oncorhynchus","Salmonidae","Salmoniformes","Actinopteri","Chordata","Eukaryota"
"32","ASV_0301","Oncorhynchus nerka",99.408,99.408,0,"species","Oncorhynchus nerka","Oncorhynchus","Salmonidae","Salmoniformes","Actinopteri","Chordata","Eukaryota"
"33","ASV_0307","Oncorhynchus kisutch",100,100,0,"species","Oncorhynchus kisutch","Oncorhynchus","Salmonidae","Salmoniformes","Actinopteri","Chordata","Eukaryota"
"34","ASV_0317","Oncorhynchus tshawytscha",99.412,99.412,0,"species","Oncorhynchus tshawytscha","Oncorhynchus","Salmonidae","Salmoniformes","Actinopteri","Chordata","Eukaryota"
"35","ASV_0354","Oncorhynchus kisutch",99.412,99.412,0,"species","Oncorhynchus kisutch","Oncorhynchus","Salmonidae","Salmoniformes","Actinopteri","Chordata","Eukaryota"
"36","ASV_0357","Oncorhynchus gorbuscha",99.412,99.412,0,"species","Oncorhynchus gorbuscha","Oncorhynchus","Salmonidae","Salmoniformes","Actinopteri","Chordata","Eukaryota"
"37","ASV_0380","Oncorhynchus keta",98.817,98.817,0,"species","Oncorhynchus keta","Oncorhynchus","Salmonidae","Salmoniformes","Actinopteri","Chordata","Eukaryota"
"38","ASV_0383","Oncorhynchus kisutch",99.412,99.412,0,"species","Oncorhynchus kisutch","Oncorhynchus","Salmonidae","Salmoniformes","Actinopteri","Chordata","Eukaryota"
"39","ASV_0392","Oncorhynchus keta",99.408,99.408,0,"species","Oncorhynchus keta","Oncorhynchus","Salmonidae","Salmoniformes","Actinopteri","Chordata","Eukaryota"
"40","ASV_0395","Oncorhynchus tshawytscha",99.408,99.408,0,"species","Oncorhynchus tshawytscha","Oncorhynchus","Salmonidae","Salmoniformes","Actinopteri","Chordata","Eukaryota"
"41","ASV_0403","Oncorhynchus keta",99.408,99.408,0,"species","Oncorhynchus keta","Oncorhynchus","Salmonidae","Salmoniformes","Actinopteri","Chordata","Eukaryota"
"42","ASV_0413","Oncorhynchus tshawytscha",99.412,99.412,0,"species","Oncorhynchus tshawytscha","Oncorhynchus","Salmonidae","Salmoniformes","Actinopteri","Chordata","Eukaryota"
"43","ASV_0422","Oncorhynchus gorbuscha",99.412,99.412,0,"species","Oncorhynchus gorbuscha","Oncorhynchus","Salmonidae","Salmoniformes","Actinopteri","Chordata","Eukaryota"
"44","ASV_0423","Oncorhynchus keta",99.408,99.408,0,"species","Oncorhynchus keta","Oncorhynchus","Salmonidae","Salmoniformes","Actinopteri","Chordata","Eukaryota"
"45","ASV_0426","Oncorhynchus keta",99.408,99.408,0,"species","Oncorhynchus keta","Oncorhynchus","Salmonidae","Salmoniformes","Actinopteri","Chordata","Eukaryota"
"46","ASV_0429","Oncorhynchus tshawytscha",99.412,99.412,0,"species","Oncorhynchus tshawytscha","Oncorhynchus","Salmonidae","Salmoniformes","Actinopteri","Chordata","Eukaryota"
"47","ASV_0448","Oncorhynchus keta",99.408,99.408,0,"species","Oncorhynchus keta","Oncorhynchus","Salmonidae","Salmoniformes","Actinopteri","Chordata","Eukaryota"
"48","ASV_0477","Oncorhynchus gorbuscha",99.412,99.412,0,"species","Oncorhynchus gorbuscha","Oncorhynchus","Salmonidae","Salmoniformes","Actinopteri","Chordata","Eukaryota"
"49","ASV_0483","Oncorhynchus keta",99.408,99.408,0,"species","Oncorhynchus keta","Oncorhynchus","Salmonidae","Salmoniformes","Actinopteri","Chordata","Eukaryota"
"50","ASV_0496","Oncorhynchus tshawytscha",99.412,99.412,0,"species","Oncorhynchus tshawytscha","Oncorhynchus","Salmonidae","Salmoniformes","Actinopteri","Chordata","Eukaryota"
"51","ASV_0502","Oncorhynchus tshawytscha",99.412,99.412,0,"species","Oncorhynchus tshawytscha","Oncorhynchus","Salmonidae","Salmoniformes","Actinopteri","Chordata","Eukaryota"
"52","ASV_0506","Oncorhynchus keta",99.408,99.408,0,"species","Oncorhynchus keta","Oncorhynchus","Salmonidae","Salmoniformes","Actinopteri","Chordata","Eukaryota"
"53","ASV_0509","Oncorhynchus gorbuscha",99.412,99.412,0,"species","Oncorhynchus gorbuscha","Oncorhynchus","Salmonidae","Salmoniformes","Actinopteri","Chordata","Eukaryota"
"54","ASV_0529","Oncorhynchus gorbuscha",99.412,99.412,0,"species","Oncorhynchus gorbuscha","Oncorhynchus","Salmonidae","Salmoniformes","Actinopteri","Chordata","Eukaryota"
"55","ASV_0531","Oncorhynchus keta",99.408,99.408,0,"species","Oncorhynchus keta","Oncorhynchus","Salmonidae","Salmoniformes","Actinopteri","Chordata","Eukaryota"
"56","ASV_0532","Oncorhynchus keta",99.405,99.405,0,"species","Oncorhynchus keta","Oncorhynchus","Salmonidae","Salmoniformes","Actinopteri","Chordata","Eukaryota"
"57","ASV_0540","Oncorhynchus nerka",98.817,98.817,0,"species","Oncorhynchus nerka","Oncorhynchus","Salmonidae","Salmoniformes","Actinopteri","Chordata","Eukaryota"
"58","ASV_0548","Oncorhynchus keta",99.408,99.408,0,"species","Oncorhynchus keta","Oncorhynchus","Salmonidae","Salmoniformes","Actinopteri","Chordata","Eukaryota"
"59","ASV_0554","Oncorhynchus gorbuscha",99.412,99.412,0,"species","Oncorhynchus gorbuscha","Oncorhynchus","Salmonidae","Salmoniformes","Actinopteri","Chordata","Eukaryota"
"60","ASV_0571","Oncorhynchus gorbuscha",99.412,99.412,0,"species","Oncorhynchus gorbuscha","Oncorhynchus","Salmonidae","Salmoniformes","Actinopteri","Chordata","Eukaryota"
"61","ASV_0588","Oncorhynchus keta",98.817,98.817,0,"species","Oncorhynchus keta","Oncorhynchus","Salmonidae","Salmoniformes","Actinopteri","Chordata","Eukaryota"
"62","ASV_0590","Oncorhynchus keta",99.408,99.408,0,"species","Oncorhynchus keta","Oncorhynchus","Salmonidae","Salmoniformes","Actinopteri","Chordata","Eukaryota"
"63","ASV_0592","Oncorhynchus gorbuscha",99.412,99.412,0,"species","Oncorhynchus gorbuscha","Oncorhynchus","Salmonidae","Salmoniformes","Actinopteri","Chordata","Eukaryota"
"64","ASV_0596","Oncorhynchus keta",99.408,99.408,0,"species","Oncorhynchus keta","Oncorhynchus","Salmonidae","Salmoniformes","Actinopteri","Chordata","Eukaryota"
"65","ASV_0605","Oncorhynchus tshawytscha",99.412,99.412,0,"species","Oncorhynchus tshawytscha","Oncorhynchus","Salmonidae","Salmoniformes","Actinopteri","Chordata","Eukaryota"
"66","ASV_0607","Oncorhynchus tshawytscha",99.412,99.412,0,"species","Oncorhynchus tshawytscha","Oncorhynchus","Salmonidae","Salmoniformes","Actinopteri","Chordata","Eukaryota"
"67","ASV_0611","Oncorhynchus keta",99.408,99.408,0,"species","Oncorhynchus keta","Oncorhynchus","Salmonidae","Salmoniformes","Actinopteri","Chordata","Eukaryota"
"68","ASV_0614","Oncorhynchus gorbuscha",99.412,99.412,0,"species","Oncorhynchus gorbuscha","Oncorhynchus","Salmonidae","Salmoniformes","Actinopteri","Chordata","Eukaryota"
"69","ASV_0633","Oncorhynchus kisutch",99.412,99.412,0,"species","Oncorhynchus kisutch","Oncorhynchus","Salmonidae","Salmoniformes","Actinopteri","Chordata","Eukaryota"
"70","ASV_0634","Oncorhynchus tshawytscha",99.412,99.412,0,"species","Oncorhynchus tshawytscha","Oncorhynchus","Salmonidae","Salmoniformes","Actinopteri","Chordata","Eukaryota"
"71","ASV_0636","Oncorhynchus nerka",99.408,99.408,0,"species","Oncorhynchus nerka","Oncorhynchus","Salmonidae","Salmoniformes","Actinopteri","Chordata","Eukaryota"
"72","ASV_0637","Oncorhynchus kisutch",99.412,99.412,0,"species","Oncorhynchus kisutch","Oncorhynchus","Salmonidae","Salmoniformes","Actinopteri","Chordata","Eukaryota"
"73","ASV_0640","Oncorhynchus nerka",99.408,99.408,0,"species","Oncorhynchus nerka","Oncorhynchus","Salmonidae","Salmoniformes","Actinopteri","Chordata","Eukaryota"
"74","ASV_0645","Oncorhynchus keta",99.408,99.408,0,"species","Oncorhynchus keta","Oncorhynchus","Salmonidae","Salmoniformes","Actinopteri","Chordata","Eukaryota"
"75","ASV_0646","Oncorhynchus keta",99.408,99.408,0,"species","Oncorhynchus keta","Oncorhynchus","Salmonidae","Salmoniformes","Actinopteri","Chordata","Eukaryota"
"76","ASV_0653","Oncorhynchus gorbuscha",99.412,99.412,0,"species","Oncorhynchus gorbuscha","Oncorhynchus","Salmonidae","Salmoniformes","Actinopteri","Chordata","Eukaryota"
"77","ASV_0655","Oncorhynchus tshawytscha",98.817,98.817,0,"species","Oncorhynchus tshawytscha","Oncorhynchus","Salmonidae","Salmoniformes","Actinopteri","Chordata","Eukaryota"
"78","ASV_0664","Oncorhynchus keta",99.408,99.408,0,"species","Oncorhynchus keta","Oncorhynchus","Salmonidae","Salmoniformes","Actinopteri","Chordata","Eukaryota"
"79","ASV_0668","Oncorhynchus keta",99.408,99.408,0,"species","Oncorhynchus keta","Oncorhynchus","Salmonidae","Salmoniformes","Actinopteri","Chordata","Eukaryota"
"80","ASV_0670","Oncorhynchus tshawytscha",100,100,0,"species","Oncorhynchus tshawytscha","Oncorhynchus","Salmonidae","Salmoniformes","Actinopteri","Chordata","Eukaryota"
"81","ASV_0674","Oncorhynchus tshawytscha",99.412,99.412,0,"species","Oncorhynchus tshawytscha","Oncorhynchus","Salmonidae","Salmoniformes","Actinopteri","Chordata","Eukaryota"
"82","ASV_0676","Oncorhynchus keta",99.408,99.408,0,"species","Oncorhynchus keta","Oncorhynchus","Salmonidae","Salmoniformes","Actinopteri","Chordata","Eukaryota"
"83","ASV_0677","Oncorhynchus nerka",98.817,98.817,0,"species","Oncorhynchus nerka","Oncorhynchus","Salmonidae","Salmoniformes","Actinopteri","Chordata","Eukaryota"
"84","ASV_0678","Oncorhynchus nerka",98.817,98.817,0,"species","Oncorhynchus nerka","Oncorhynchus","Salmonidae","Salmoniformes","Actinopteri","Chordata","Eukaryota"
"85","ASV_0684","Oncorhynchus kisutch",99.412,99.412,0,"species","Oncorhynchus kisutch","Oncorhynchus","Salmonidae","Salmoniformes","Actinopteri","Chordata","Eukaryota"
"86","ASV_0691","Oncorhynchus keta",99.408,99.408,0,"species","Oncorhynchus keta","Oncorhynchus","Salmonidae","Salmoniformes","Actinopteri","Chordata","Eukaryota"
"87","ASV_0694","Oncorhynchus keta",99.408,99.408,0,"species","Oncorhynchus keta","Oncorhynchus","Salmonidae","Salmoniformes","Actinopteri","Chordata","Eukaryota"
"88","ASV_0698","Oncorhynchus tshawytscha",99.412,99.412,0,"species","Oncorhynchus tshawytscha","Oncorhynchus","Salmonidae","Salmoniformes","Actinopteri","Chordata","Eukaryota"
"89","ASV_0708","Oncorhynchus keta",99.408,99.408,0,"species","Oncorhynchus keta","Oncorhynchus","Salmonidae","Salmoniformes","Actinopteri","Chordata","Eukaryota"
"90","ASV_0709","Oncorhynchus kisutch",99.412,99.412,0,"species","Oncorhynchus kisutch","Oncorhynchus","Salmonidae","Salmoniformes","Actinopteri","Chordata","Eukaryota"
"91","ASV_0718","Oncorhynchus kisutch",99.412,99.412,0,"species","Oncorhynchus kisutch","Oncorhynchus","Salmonidae","Salmoniformes","Actinopteri","Chordata","Eukaryota"
"92","ASV_0719","Oncorhynchus nerka",99.412,99.412,0,"species","Oncorhynchus nerka","Oncorhynchus","Salmonidae","Salmoniformes","Actinopteri","Chordata","Eukaryota"
"93","ASV_0722","Oncorhynchus tshawytscha",98.824,98.824,0,"species","Oncorhynchus tshawytscha","Oncorhynchus","Salmonidae","Salmoniformes","Actinopteri","Chordata","Eukaryota"
"94","ASV_0726","Oncorhynchus kisutch",99.412,99.412,0,"species","Oncorhynchus kisutch","Oncorhynchus","Salmonidae","Salmoniformes","Actinopteri","Chordata","Eukaryota"
"95","ASV_0737","Oncorhynchus gorbuscha",100,100,0,"species","Oncorhynchus gorbuscha","Oncorhynchus","Salmonidae","Salmoniformes","Actinopteri","Chordata","Eukaryota"
"96","ASV_0741","Oncorhynchus keta",99.408,99.408,0,"species","Oncorhynchus keta","Oncorhynchus","Salmonidae","Salmoniformes","Actinopteri","Chordata","Eukaryota"
"97","ASV_0746","Oncorhynchus keta",99.408,99.408,0,"species","Oncorhynchus keta","Oncorhynchus","Salmonidae","Salmoniformes","Actinopteri","Chordata","Eukaryota"
"98","ASV_0756","Oncorhynchus nerka",99.412,99.412,0,"species","Oncorhynchus nerka","Oncorhynchus","Salmonidae","Salmoniformes","Actinopteri","Chordata","Eukaryota"
"99","ASV_0758","Oncorhynchus keta",99.408,99.408,0,"species","Oncorhynchus keta","Oncorhynchus","Salmonidae","Salmoniformes","Actinopteri","Chordata","Eukaryota"
"100","ASV_0760","Oncorhynchus keta",99.408,99.408,0,"species","Oncorhynchus keta","Oncorhynchus","Salmonidae","Salmoniformes","Actinopteri","Chordata","Eukaryota"
"101","ASV_0767","Oncorhynchus tshawytscha",99.412,99.412,0,"species","Oncorhynchus tshawytscha","Oncorhynchus","Salmonidae","Salmoniformes","Actinopteri","Chordata","Eukaryota"
"102","ASV_0771","Oncorhynchus tshawytscha",99.412,99.412,0,"species","Oncorhynchus tshawytscha","Oncorhynchus","Salmonidae","Salmoniformes","Actinopteri","Chordata","Eukaryota"
"103","ASV_0776","Oncorhynchus tshawytscha",99.412,99.412,0,"species","Oncorhynchus tshawytscha","Oncorhynchus","Salmonidae","Salmoniformes","Actinopteri","Chordata","Eukaryota"
"104","ASV_0781","Oncorhynchus keta",99.408,99.408,0,"species","Oncorhynchus keta","Oncorhynchus","Salmonidae","Salmoniformes","Actinopteri","Chordata","Eukaryota"
"105","ASV_0784","Oncorhynchus keta",99.408,99.408,0,"species","Oncorhynchus keta","Oncorhynchus","Salmonidae","Salmoniformes","Actinopteri","Chordata","Eukaryota"
"106","ASV_0785","Oncorhynchus gorbuscha",99.412,99.412,0,"species","Oncorhynchus gorbuscha","Oncorhynchus","Salmonidae","Salmoniformes","Actinopteri","Chordata","Eukaryota"
"107","ASV_0794","Oncorhynchus keta",99.408,99.408,0,"species","Oncorhynchus keta","Oncorhynchus","Salmonidae","Salmoniformes","Actinopteri","Chordata","Eukaryota"
"108","ASV_0797","Oncorhynchus nerka",99.412,99.412,0,"species","Oncorhynchus nerka","Oncorhynchus","Salmonidae","Salmoniformes","Actinopteri","Chordata","Eukaryota"
"109","ASV_0805","Oncorhynchus gorbuscha",98.824,98.824,0,"species","Oncorhynchus gorbuscha","Oncorhynchus","Salmonidae","Salmoniformes","Actinopteri","Chordata","Eukaryota"
"110","ASV_0806","Oncorhynchus gorbuscha",99.412,99.412,0,"species","Oncorhynchus gorbuscha","Oncorhynchus","Salmonidae","Salmoniformes","Actinopteri","Chordata","Eukaryota"
"111","ASV_0817","Oncorhynchus tshawytscha",99.412,99.412,0,"species","Oncorhynchus tshawytscha","Oncorhynchus","Salmonidae","Salmoniformes","Actinopteri","Chordata","Eukaryota"
"112","ASV_0826","Oncorhynchus tshawytscha",99.412,99.412,0,"species","Oncorhynchus tshawytscha","Oncorhynchus","Salmonidae","Salmoniformes","Actinopteri","Chordata","Eukaryota"
"113","ASV_0829","Oncorhynchus keta",99.405,99.405,0,"species","Oncorhynchus keta","Oncorhynchus","Salmonidae","Salmoniformes","Actinopteri","Chordata","Eukaryota"
"114","ASV_0830","Oncorhynchus gorbuscha",99.412,99.412,0,"species","Oncorhynchus gorbuscha","Oncorhynchus","Salmonidae","Salmoniformes","Actinopteri","Chordata","Eukaryota"
"115","ASV_0834","Oncorhynchus gorbuscha",99.412,99.412,0,"species","Oncorhynchus gorbuscha","Oncorhynchus","Salmonidae","Salmoniformes","Actinopteri","Chordata","Eukaryota"
"116","ASV_0835","Oncorhynchus gorbuscha",99.412,99.412,0,"species","Oncorhynchus gorbuscha","Oncorhynchus","Salmonidae","Salmoniformes","Actinopteri","Chordata","Eukaryota"
"117","ASV_0840","Oncorhynchus tshawytscha",99.412,99.412,0,"species","Oncorhynchus tshawytscha","Oncorhynchus","Salmonidae","Salmoniformes","Actinopteri","Chordata","Eukaryota"
"118","ASV_0842","Oncorhynchus gorbuscha",99.412,99.412,0,"species","Oncorhynchus gorbuscha","Oncorhynchus","Salmonidae","Salmoniformes","Actinopteri","Chordata","Eukaryota"
"119","ASV_0850","Oncorhynchus keta",99.408,99.408,0,"species","Oncorhynchus keta","Oncorhynchus","Salmonidae","Salmoniformes","Actinopteri","Chordata","Eukaryota"
"120","ASV_0852","Oncorhynchus keta",99.408,99.408,0,"species","Oncorhynchus keta","Oncorhynchus","Salmonidae","Salmoniformes","Actinopteri","Chordata","Eukaryota"
"121","ASV_0860","Oncorhynchus tshawytscha",99.412,99.412,0,"species","Oncorhynchus tshawytscha","Oncorhynchus","Salmonidae","Salmoniformes","Actinopteri","Chordata","Eukaryota"
"122","ASV_0867","Oncorhynchus kisutch",99.412,99.412,0,"species","Oncorhynchus kisutch","Oncorhynchus","Salmonidae","Salmoniformes","Actinopteri","Chordata","Eukaryota"
"123","ASV_0872","Oncorhynchus keta",99.408,99.408,0,"species","Oncorhynchus keta","Oncorhynchus","Salmonidae","Salmoniformes","Actinopteri","Chordata","Eukaryota"
"124","ASV_0878","Oncorhynchus gorbuscha",99.412,99.412,0,"species","Oncorhynchus gorbuscha","Oncorhynchus","Salmonidae","Salmoniformes","Actinopteri","Chordata","Eukaryota"
"125","ASV_0884","Oncorhynchus tshawytscha",99.412,99.412,0,"species","Oncorhynchus tshawytscha","Oncorhynchus","Salmonidae","Salmoniformes","Actinopteri","Chordata","Eukaryota"
"126","ASV_0888","Oncorhynchus tshawytscha",99.412,99.412,0,"species","Oncorhynchus tshawytscha","Oncorhynchus","Salmonidae","Salmoniformes","Actinopteri","Chordata","Eukaryota"
"127","ASV_0889","Oncorhynchus tshawytscha",99.412,99.412,0,"species","Oncorhynchus tshawytscha","Oncorhynchus","Salmonidae","Salmoniformes","Actinopteri","Chordata","Eukaryota"
"128","ASV_0896","Oncorhynchus nerka",99.412,99.412,0,"species","Oncorhynchus nerka","Oncorhynchus","Salmonidae","Salmoniformes","Actinopteri","Chordata","Eukaryota"
"129","ASV_0902","Oncorhynchus tshawytscha",99.412,99.412,0,"species","Oncorhynchus tshawytscha","Oncorhynchus","Salmonidae","Salmoniformes","Actinopteri","Chordata","Eukaryota"
"130","ASV_0906","Oncorhynchus keta",98.817,98.817,0,"species","Oncorhynchus keta","Oncorhynchus","Salmonidae","Salmoniformes","Actinopteri","Chordata","Eukaryota"
"131","ASV_0908","Oncorhynchus tshawytscha",99.412,99.412,0,"species","Oncorhynchus tshawytscha","Oncorhynchus","Salmonidae","Salmoniformes","Actinopteri","Chordata","Eukaryota"
"132","ASV_0922","Oncorhynchus tshawytscha",98.824,98.824,0,"species","Oncorhynchus tshawytscha","Oncorhynchus","Salmonidae","Salmoniformes","Actinopteri","Chordata","Eukaryota"
"133","ASV_0923","Oncorhynchus tshawytscha",99.412,99.412,0,"species","Oncorhynchus tshawytscha","Oncorhynchus","Salmonidae","Salmoniformes","Actinopteri","Chordata","Eukaryota"
"134","ASV_0930","Oncorhynchus keta",99.408,99.408,0,"species","Oncorhynchus keta","Oncorhynchus","Salmonidae","Salmoniformes","Actinopteri","Chordata","Eukaryota"
"135","ASV_0931","Oncorhynchus keta",99.408,99.408,0,"species","Oncorhynchus keta","Oncorhynchus","Salmonidae","Salmoniformes","Actinopteri","Chordata","Eukaryota"
"136","ASV_0938","Oncorhynchus tshawytscha",99.412,99.412,0,"species","Oncorhynchus tshawytscha","Oncorhynchus","Salmonidae","Salmoniformes","Actinopteri","Chordata","Eukaryota"
"137","ASV_0941","Oncorhynchus nerka",99.412,99.412,0,"species","Oncorhynchus nerka","Oncorhynchus","Salmonidae","Salmoniformes","Actinopteri","Chordata","Eukaryota"
"138","ASV_0945","Oncorhynchus tshawytscha",98.824,98.824,0,"species","Oncorhynchus tshawytscha","Oncorhynchus","Salmonidae","Salmoniformes","Actinopteri","Chordata","Eukaryota"
"139","ASV_0946","Oncorhynchus gorbuscha",99.412,99.412,0,"species","Oncorhynchus gorbuscha","Oncorhynchus","Salmonidae","Salmoniformes","Actinopteri","Chordata","Eukaryota"
"140","ASV_0950","Oncorhynchus tshawytscha",99.412,99.412,0,"species","Oncorhynchus tshawytscha","Oncorhynchus","Salmonidae","Salmoniformes","Actinopteri","Chordata","Eukaryota"
"141","ASV_0952","Oncorhynchus gorbuscha",99.412,99.412,0,"species","Oncorhynchus gorbuscha","Oncorhynchus","Salmonidae","Salmoniformes","Actinopteri","Chordata","Eukaryota"
"142","ASV_0958","Oncorhynchus keta",99.408,99.408,0,"species","Oncorhynchus keta","Oncorhynchus","Salmonidae","Salmoniformes","Actinopteri","Chordata","Eukaryota"
"143","ASV_0960","Oncorhynchus gorbuscha",99.412,99.412,0,"species","Oncorhynchus gorbuscha","Oncorhynchus","Salmonidae","Salmoniformes","Actinopteri","Chordata","Eukaryota"
"144","ASV_0966","Oncorhynchus gorbuscha",99.412,99.412,0,"species","Oncorhynchus gorbuscha","Oncorhynchus","Salmonidae","Salmoniformes","Actinopteri","Chordata","Eukaryota"
"145","ASV_0970","Oncorhynchus keta",99.408,99.408,0,"species","Oncorhynchus keta","Oncorhynchus","Salmonidae","Salmoniformes","Actinopteri","Chordata","Eukaryota"
"146","ASV_0981","Oncorhynchus nerka",99.412,99.412,0,"species","Oncorhynchus nerka","Oncorhynchus","Salmonidae","Salmoniformes","Actinopteri","Chordata","Eukaryota"
"147","ASV_0982","Oncorhynchus nerka",99.412,99.412,0,"species","Oncorhynchus nerka","Oncorhynchus","Salmonidae","Salmoniformes","Actinopteri","Chordata","Eukaryota"
"148","ASV_0985","Oncorhynchus keta",99.408,99.408,0,"species","Oncorhynchus keta","Oncorhynchus","Salmonidae","Salmoniformes","Actinopteri","Chordata","Eukaryota"
"149","ASV_0990","Oncorhynchus keta",99.408,99.408,0,"species","Oncorhynchus keta","Oncorhynchus","Salmonidae","Salmoniformes","Actinopteri","Chordata","Eukaryota"
"150","ASV_0996","Oncorhynchus nerka",99.412,99.412,0,"species","Oncorhynchus nerka","Oncorhynchus","Salmonidae","Salmoniformes","Actinopteri","Chordata","Eukaryota"
"151","ASV_0999","Oncorhynchus kisutch",99.412,99.412,0,"species","Oncorhynchus kisutch","Oncorhynchus","Salmonidae","Salmoniformes","Actinopteri","Chordata","Eukaryota"
"152","ASV_1002","Oncorhynchus kisutch",99.412,99.412,0,"species","Oncorhynchus kisutch","Oncorhynchus","Salmonidae","Salmoniformes","Actinopteri","Chordata","Eukaryota"
"153","ASV_1006","Oncorhynchus kisutch",99.412,99.412,0,"species","Oncorhynchus kisutch","Oncorhynchus","Salmonidae","Salmoniformes","Actinopteri","Chordata","Eukaryota"
"154","ASV_1008","Oncorhynchus gorbuscha",99.412,99.412,0,"species","Oncorhynchus gorbuscha","Oncorhynchus","Salmonidae","Salmoniformes","Actinopteri","Chordata","Eukaryota"
"155","ASV_1009","Oncorhynchus keta",99.408,99.408,0,"species","Oncorhynchus keta","Oncorhynchus","Salmonidae","Salmoniformes","Actinopteri","Chordata","Eukaryota"
"156","ASV_1018","Oncorhynchus tshawytscha",98.824,98.824,0,"species","Oncorhynchus tshawytscha","Oncorhynchus","Salmonidae","Salmoniformes","Actinopteri","Chordata","Eukaryota"
"157","ASV_1023","Oncorhynchus kisutch",99.412,99.412,0,"species","Oncorhynchus kisutch","Oncorhynchus","Salmonidae","Salmoniformes","Actinopteri","Chordata","Eukaryota"
"158","ASV_1026","Oncorhynchus tshawytscha",98.824,98.824,0,"species","Oncorhynchus tshawytscha","Oncorhynchus","Salmonidae","Salmoniformes","Actinopteri","Chordata","Eukaryota"
"159","ASV_1030","Oncorhynchus kisutch",99.408,99.408,0,"species","Oncorhynchus kisutch","Oncorhynchus","Salmonidae","Salmoniformes","Actinopteri","Chordata","Eukaryota"
"160","ASV_1031","Oncorhynchus keta",99.408,99.408,0,"species","Oncorhynchus keta","Oncorhynchus","Salmonidae","Salmoniformes","Actinopteri","Chordata","Eukaryota"
"161","ASV_1035","Oncorhynchus keta",99.408,99.408,0,"species","Oncorhynchus keta","Oncorhynchus","Salmonidae","Salmoniformes","Actinopteri","Chordata","Eukaryota"
"162","ASV_1040","Oncorhynchus gorbuscha",99.412,99.412,0,"species","Oncorhynchus gorbuscha","Oncorhynchus","Salmonidae","Salmoniformes","Actinopteri","Chordata","Eukaryota"
"163","ASV_1053","Oncorhynchus tshawytscha",99.412,99.412,0,"species","Oncorhynchus tshawytscha","Oncorhynchus","Salmonidae","Salmoniformes","Actinopteri","Chordata","Eukaryota"
"164","ASV_1055","Oncorhynchus gorbuscha",99.412,99.412,0,"species","Oncorhynchus gorbuscha","Oncorhynchus","Salmonidae","Salmoniformes","Actinopteri","Chordata","Eukaryota"
"165","ASV_1056","Oncorhynchus nerka",99.412,99.412,0,"species","Oncorhynchus nerka","Oncorhynchus","Salmonidae","Salmoniformes","Actinopteri","Chordata","Eukaryota"
"166","ASV_1059","Oncorhynchus tshawytscha",99.412,99.412,0,"species","Oncorhynchus tshawytscha","Oncorhynchus","Salmonidae","Salmoniformes","Actinopteri","Chordata","Eukaryota"
"167","ASV_1072","Oncorhynchus tshawytscha",99.412,99.412,0,"species","Oncorhynchus tshawytscha","Oncorhynchus","Salmonidae","Salmoniformes","Actinopteri","Chordata","Eukaryota"
"168","ASV_1075","Oncorhynchus tshawytscha",99.412,99.412,0,"species","Oncorhynchus tshawytscha","Oncorhynchus","Salmonidae","Salmoniformes","Actinopteri","Chordata","Eukaryota"
"169","ASV_1078","Oncorhynchus keta",99.408,99.408,0,"species","Oncorhynchus keta","Oncorhynchus","Salmonidae","Salmoniformes","Actinopteri","Chordata","Eukaryota"
"170","ASV_1087","Oncorhynchus keta",99.408,99.408,0,"species","Oncorhynchus keta","Oncorhynchus","Salmonidae","Salmoniformes","Actinopteri","Chordata","Eukaryota"
"171","ASV_1092","Oncorhynchus gorbuscha",99.412,99.412,0,"species","Oncorhynchus gorbuscha","Oncorhynchus","Salmonidae","Salmoniformes","Actinopteri","Chordata","Eukaryota"
"172","ASV_1093","Oncorhynchus tshawytscha",99.412,99.412,0,"species","Oncorhynchus tshawytscha","Oncorhynchus","Salmonidae","Salmoniformes","Actinopteri","Chordata","Eukaryota"
"173","ASV_1108","Oncorhynchus keta",99.408,99.408,0,"species","Oncorhynchus keta","Oncorhynchus","Salmonidae","Salmoniformes","Actinopteri","Chordata","Eukaryota"
"174","ASV_1114","Oncorhynchus tshawytscha",99.412,99.412,0,"species","Oncorhynchus tshawytscha","Oncorhynchus","Salmonidae","Salmoniformes","Actinopteri","Chordata","Eukaryota"
"175","ASV_1127","Oncorhynchus tshawytscha",99.412,99.412,0,"species","Oncorhynchus tshawytscha","Oncorhynchus","Salmonidae","Salmoniformes","Actinopteri","Chordata","Eukaryota"
"176","ASV_1128","Oncorhynchus gorbuscha",99.412,99.412,0,"species","Oncorhynchus gorbuscha","Oncorhynchus","Salmonidae","Salmoniformes","Actinopteri","Chordata","Eukaryota"
"177","ASV_1131","Oncorhynchus keta",99.408,99.408,0,"species","Oncorhynchus keta","Oncorhynchus","Salmonidae","Salmoniformes","Actinopteri","Chordata","Eukaryota"
"178","ASV_1149","Oncorhynchus gorbuscha",99.412,99.412,0,"species","Oncorhynchus gorbuscha","Oncorhynchus","Salmonidae","Salmoniformes","Actinopteri","Chordata","Eukaryota"
"179","ASV_1158","Oncorhynchus keta",100,100,0,"species","Oncorhynchus keta","Oncorhynchus","Salmonidae","Salmoniformes","Actinopteri","Chordata","Eukaryota"
"180","ASV_1161","Oncorhynchus tshawytscha",99.412,99.412,0,"species","Oncorhynchus tshawytscha","Oncorhynchus","Salmonidae","Salmoniformes","Actinopteri","Chordata","Eukaryota"
"181","ASV_1170","Oncorhynchus gorbuscha",99.412,99.412,0,"species","Oncorhynchus gorbuscha","Oncorhynchus","Salmonidae","Salmoniformes","Actinopteri","Chordata","Eukaryota"
"182","ASV_1174","Oncorhynchus nerka",99.412,99.412,0,"species","Oncorhynchus nerka","Oncorhynchus","Salmonidae","Salmoniformes","Actinopteri","Chordata","Eukaryota"
"183","ASV_1185","Oncorhynchus keta",99.408,99.408,0,"species","Oncorhynchus keta","Oncorhynchus","Salmonidae","Salmoniformes","Actinopteri","Chordata","Eukaryota"
"184","ASV_1189","Oncorhynchus keta",98.817,98.817,0,"species","Oncorhynchus keta","Oncorhynchus","Salmonidae","Salmoniformes","Actinopteri","Chordata","Eukaryota"
"185","ASV_1210","Oncorhynchus gorbuscha",99.412,99.412,0,"species","Oncorhynchus gorbuscha","Oncorhynchus","Salmonidae","Salmoniformes","Actinopteri","Chordata","Eukaryota"
"186","ASV_1211","Oncorhynchus tshawytscha",99.412,99.412,0,"species","Oncorhynchus tshawytscha","Oncorhynchus","Salmonidae","Salmoniformes","Actinopteri","Chordata","Eukaryota"
"187","ASV_1214","Oncorhynchus gorbuscha",99.412,99.412,0,"species","Oncorhynchus gorbuscha","Oncorhynchus","Salmonidae","Salmoniformes","Actinopteri","Chordata","Eukaryota"
"188","ASV_1221","Oncorhynchus nerka",100,100,0,"species","Oncorhynchus nerka","Oncorhynchus","Salmonidae","Salmoniformes","Actinopteri","Chordata","Eukaryota"
"189","ASV_1223","Oncorhynchus keta",99.408,99.408,0,"species","Oncorhynchus keta","Oncorhynchus","Salmonidae","Salmoniformes","Actinopteri","Chordata","Eukaryota"
"190","ASV_1225","Oncorhynchus keta",99.408,99.408,0,"species","Oncorhynchus keta","Oncorhynchus","Salmonidae","Salmoniformes","Actinopteri","Chordata","Eukaryota"
"191","ASV_1230","Oncorhynchus gorbuscha",99.412,99.412,0,"species","Oncorhynchus gorbuscha","Oncorhynchus","Salmonidae","Salmoniformes","Actinopteri","Chordata","Eukaryota"
"192","ASV_1232","Oncorhynchus kisutch",98.235,98.235,0,"species","Oncorhynchus kisutch","Oncorhynchus","Salmonidae","Salmoniformes","Actinopteri","Chordata","Eukaryota"
"193","ASV_1233","Oncorhynchus tshawytscha",99.412,99.412,0,"species","Oncorhynchus tshawytscha","Oncorhynchus","Salmonidae","Salmoniformes","Actinopteri","Chordata","Eukaryota"
"194","ASV_1234","Oncorhynchus tshawytscha",99.412,99.412,0,"species","Oncorhynchus tshawytscha","Oncorhynchus","Salmonidae","Salmoniformes","Actinopteri","Chordata","Eukaryota"
"195","ASV_1242","Oncorhynchus keta",98.817,98.817,0,"species","Oncorhynchus keta","Oncorhynchus","Salmonidae","Salmoniformes","Actinopteri","Chordata","Eukaryota"
"196","ASV_1243","Oncorhynchus keta",99.408,99.408,0,"species","Oncorhynchus keta","Oncorhynchus","Salmonidae","Salmoniformes","Actinopteri","Chordata","Eukaryota"
"197","ASV_1245","Oncorhynchus tshawytscha",99.412,99.412,0,"species","Oncorhynchus tshawytscha","Oncorhynchus","Salmonidae","Salmoniformes","Actinopteri","Chordata","Eukaryota"
"198","ASV_1254","Oncorhynchus gorbuscha",99.412,99.412,0,"species","Oncorhynchus gorbuscha","Oncorhynchus","Salmonidae","Salmoniformes","Actinopteri","Chordata","Eukaryota"
"199","ASV_1255","Oncorhynchus gorbuscha",99.412,99.412,0,"species","Oncorhynchus gorbuscha","Oncorhynchus","Salmonidae","Salmoniformes","Actinopteri","Chordata","Eukaryota"
"200","ASV_1256","Oncorhynchus keta",99.408,99.408,0,"species","Oncorhynchus keta","Oncorhynchus","Salmonidae","Salmoniformes","Actinopteri","Chordata","Eukaryota"
"201","ASV_1258","Oncorhynchus gorbuscha",99.412,99.412,0,"species","Oncorhynchus gorbuscha","Oncorhynchus","Salmonidae","Salmoniformes","Actinopteri","Chordata","Eukaryota"
"202","ASV_1262","Oncorhynchus tshawytscha",99.412,99.412,0,"species","Oncorhynchus tshawytscha","Oncorhynchus","Salmonidae","Salmoniformes","Actinopteri","Chordata","Eukaryota"
"203","ASV_1263","Oncorhynchus keta",99.408,99.408,0,"species","Oncorhynchus keta","Oncorhynchus","Salmonidae","Salmoniformes","Actinopteri","Chordata","Eukaryota"
"204","ASV_1270","Oncorhynchus nerka",99.412,99.412,0,"species","Oncorhynchus nerka","Oncorhynchus","Salmonidae","Salmoniformes","Actinopteri","Chordata","Eukaryota"
"205","ASV_1271","Oncorhynchus gorbuscha",99.412,99.412,0,"species","Oncorhynchus gorbuscha","Oncorhynchus","Salmonidae","Salmoniformes","Actinopteri","Chordata","Eukaryota"
"206","ASV_1272","Oncorhynchus keta",99.408,99.408,0,"species","Oncorhynchus keta","Oncorhynchus","Salmonidae","Salmoniformes","Actinopteri","Chordata","Eukaryota"
"207","ASV_1273","Oncorhynchus gorbuscha",99.412,99.412,0,"species","Oncorhynchus gorbuscha","Oncorhynchus","Salmonidae","Salmoniformes","Actinopteri","Chordata","Eukaryota"
"208","ASV_1275","Oncorhynchus keta",99.408,99.408,0,"species","Oncorhynchus keta","Oncorhynchus","Salmonidae","Salmoniformes","Actinopteri","Chordata","Eukaryota"
"209","ASV_1276","Oncorhynchus keta",98.817,98.817,0,"species","Oncorhynchus keta","Oncorhynchus","Salmonidae","Salmoniformes","Actinopteri","Chordata","Eukaryota"
"210","ASV_1279","Oncorhynchus gorbuscha",98.824,98.824,0,"species","Oncorhynchus gorbuscha","Oncorhynchus","Salmonidae","Salmoniformes","Actinopteri","Chordata","Eukaryota"
"211","ASV_1286","Oncorhynchus tshawytscha",99.412,99.412,0,"species","Oncorhynchus tshawytscha","Oncorhynchus","Salmonidae","Salmoniformes","Actinopteri","Chordata","Eukaryota"
"212","ASV_1288","Oncorhynchus tshawytscha",98.824,98.824,0,"species","Oncorhynchus tshawytscha","Oncorhynchus","Salmonidae","Salmoniformes","Actinopteri","Chordata","Eukaryota"
"213","ASV_1289","Oncorhynchus tshawytscha",99.412,99.412,0,"species","Oncorhynchus tshawytscha","Oncorhynchus","Salmonidae","Salmoniformes","Actinopteri","Chordata","Eukaryota"
"214","ASV_1303","Oncorhynchus gorbuscha",99.412,99.412,0,"species","Oncorhynchus gorbuscha","Oncorhynchus","Salmonidae","Salmoniformes","Actinopteri","Chordata","Eukaryota"
"215","ASV_1306","Oncorhynchus keta",99.408,99.408,0,"species","Oncorhynchus keta","Oncorhynchus","Salmonidae","Salmoniformes","Actinopteri","Chordata","Eukaryota"
"216","ASV_1315","Oncorhynchus keta",99.408,99.408,0,"species","Oncorhynchus keta","Oncorhynchus","Salmonidae","Salmoniformes","Actinopteri","Chordata","Eukaryota"
"217","ASV_1319","Oncorhynchus keta",99.408,99.408,0,"species","Oncorhynchus keta","Oncorhynchus","Salmonidae","Salmoniformes","Actinopteri","Chordata","Eukaryota"
"218","ASV_1320","Oncorhynchus gorbuscha",99.412,99.412,0,"species","Oncorhynchus gorbuscha","Oncorhynchus","Salmonidae","Salmoniformes","Actinopteri","Chordata","Eukaryota"
"219","ASV_1324","Oncorhynchus keta",99.408,99.408,0,"species","Oncorhynchus keta","Oncorhynchus","Salmonidae","Salmoniformes","Actinopteri","Chordata","Eukaryota"
"220","ASV_1330","Oncorhynchus kisutch",99.412,99.412,0,"species","Oncorhynchus kisutch","Oncorhynchus","Salmonidae","Salmoniformes","Actinopteri","Chordata","Eukaryota"
"221","ASV_1331","Oncorhynchus kisutch",99.412,99.412,0,"species","Oncorhynchus kisutch","Oncorhynchus","Salmonidae","Salmoniformes","Actinopteri","Chordata","Eukaryota"
"222","ASV_1336","Oncorhynchus keta",98.817,98.817,0,"species","Oncorhynchus keta","Oncorhynchus","Salmonidae","Salmoniformes","Actinopteri","Chordata","Eukaryota"
"223","ASV_1343","Oncorhynchus keta",99.408,99.408,0,"species","Oncorhynchus keta","Oncorhynchus","Salmonidae","Salmoniformes","Actinopteri","Chordata","Eukaryota"
"224","ASV_1345","Oncorhynchus keta",98.817,98.817,0,"species","Oncorhynchus keta","Oncorhynchus","Salmonidae","Salmoniformes","Actinopteri","Chordata","Eukaryota"
"225","ASV_1348","Oncorhynchus keta",99.408,99.408,0,"species","Oncorhynchus keta","Oncorhynchus","Salmonidae","Salmoniformes","Actinopteri","Chordata","Eukaryota"
"226","ASV_1364","Oncorhynchus keta",98.817,98.817,0,"species","Oncorhynchus keta","Oncorhynchus","Salmonidae","Salmoniformes","Actinopteri","Chordata","Eukaryota"
"227","ASV_1365","Oncorhynchus gorbuscha",99.412,99.412,0,"species","Oncorhynchus gorbuscha","Oncorhynchus","Salmonidae","Salmoniformes","Actinopteri","Chordata","Eukaryota"
"228","ASV_1366","Oncorhynchus kisutch",99.412,99.412,0,"species","Oncorhynchus kisutch","Oncorhynchus","Salmonidae","Salmoniformes","Actinopteri","Chordata","Eukaryota"
"229","ASV_1368","Oncorhynchus kisutch",100,100,0,"species","Oncorhynchus kisutch","Oncorhynchus","Salmonidae","Salmoniformes","Actinopteri","Chordata","Eukaryota"
"230","ASV_1386","Oncorhynchus keta",98.817,98.817,0,"species","Oncorhynchus keta","Oncorhynchus","Salmonidae","Salmoniformes","Actinopteri","Chordata","Eukaryota"
"231","ASV_1387","Oncorhynchus tshawytscha",99.412,99.412,0,"species","Oncorhynchus tshawytscha","Oncorhynchus","Salmonidae","Salmoniformes","Actinopteri","Chordata","Eukaryota"
"232","ASV_1388","Oncorhynchus tshawytscha",98.824,98.824,0,"species","Oncorhynchus tshawytscha","Oncorhynchus","Salmonidae","Salmoniformes","Actinopteri","Chordata","Eukaryota"
"233","ASV_1390","Oncorhynchus gorbuscha",99.412,99.412,0,"species","Oncorhynchus gorbuscha","Oncorhynchus","Salmonidae","Salmoniformes","Actinopteri","Chordata","Eukaryota"
"234","ASV_1391","Oncorhynchus tshawytscha",99.412,99.412,0,"species","Oncorhynchus tshawytscha","Oncorhynchus","Salmonidae","Salmoniformes","Actinopteri","Chordata","Eukaryota"
"235","ASV_1393","Oncorhynchus keta",99.408,99.408,0,"species","Oncorhynchus keta","Oncorhynchus","Salmonidae","Salmoniformes","Actinopteri","Chordata","Eukaryota"
"236","ASV_1405","Oncorhynchus keta",99.408,99.408,0,"species","Oncorhynchus keta","Oncorhynchus","Salmonidae","Salmoniformes","Actinopteri","Chordata","Eukaryota"
"237","ASV_1426","Oncorhynchus keta",99.408,99.408,0,"species","Oncorhynchus keta","Oncorhynchus","Salmonidae","Salmoniformes","Actinopteri","Chordata","Eukaryota"
"238","ASV_1435","Oncorhynchus gorbuscha",99.412,99.412,0,"species","Oncorhynchus gorbuscha","Oncorhynchus","Salmonidae","Salmoniformes","Actinopteri","Chordata","Eukaryota"
"239","ASV_1437","Oncorhynchus gorbuscha",100,100,0,"species","Oncorhynchus gorbuscha","Oncorhynchus","Salmonidae","Salmoniformes","Actinopteri","Chordata","Eukaryota"
"240","ASV_1442","Oncorhynchus keta",98.817,98.817,0,"species","Oncorhynchus keta","Oncorhynchus","Salmonidae","Salmoniformes","Actinopteri","Chordata","Eukaryota"
"241","ASV_1447","Oncorhynchus gorbuscha",99.412,99.412,0,"species","Oncorhynchus gorbuscha","Oncorhynchus","Salmonidae","Salmoniformes","Actinopteri","Chordata","Eukaryota"
"242","ASV_1449","Oncorhynchus tshawytscha",98.824,98.824,0,"species","Oncorhynchus tshawytscha","Oncorhynchus","Salmonidae","Salmoniformes","Actinopteri","Chordata","Eukaryota"
"243","ASV_1458","Oncorhynchus tshawytscha",99.412,99.412,0,"species","Oncorhynchus tshawytscha","Oncorhynchus","Salmonidae","Salmoniformes","Actinopteri","Chordata","Eukaryota"
"244","ASV_1464","Oncorhynchus nerka",100,100,0,"species","Oncorhynchus nerka","Oncorhynchus","Salmonidae","Salmoniformes","Actinopteri","Chordata","Eukaryota"
"245","ASV_1470","Oncorhynchus tshawytscha",99.412,99.412,0,"species","Oncorhynchus tshawytscha","Oncorhynchus","Salmonidae","Salmoniformes","Actinopteri","Chordata","Eukaryota"
"246","ASV_1473","Oncorhynchus nerka",99.412,99.412,0,"species","Oncorhynchus nerka","Oncorhynchus","Salmonidae","Salmoniformes","Actinopteri","Chordata","Eukaryota"
"247","ASV_1475","Oncorhynchus nerka",100,100,0,"species","Oncorhynchus nerka","Oncorhynchus","Salmonidae","Salmoniformes","Actinopteri","Chordata","Eukaryota"
"248","ASV_1483","Oncorhynchus tshawytscha",99.412,99.412,0,"species","Oncorhynchus tshawytscha","Oncorhynchus","Salmonidae","Salmoniformes","Actinopteri","Chordata","Eukaryota"
"249","ASV_1494","Oncorhynchus keta",98.817,98.817,0,"species","Oncorhynchus keta","Oncorhynchus","Salmonidae","Salmoniformes","Actinopteri","Chordata","Eukaryota"
"250","ASV_1496","Oncorhynchus keta",98.817,98.817,0,"species","Oncorhynchus keta","Oncorhynchus","Salmonidae","Salmoniformes","Actinopteri","Chordata","Eukaryota"
"251","ASV_1500","Oncorhynchus tshawytscha",98.824,98.824,0,"species","Oncorhynchus tshawytscha","Oncorhynchus","Salmonidae","Salmoniformes","Actinopteri","Chordata","Eukaryota"
"252","ASV_1519","Oncorhynchus gorbuscha",99.412,99.412,0,"species","Oncorhynchus gorbuscha","Oncorhynchus","Salmonidae","Salmoniformes","Actinopteri","Chordata","Eukaryota"
"253","ASV_1534","Oncorhynchus kisutch",99.412,99.412,0,"species","Oncorhynchus kisutch","Oncorhynchus","Salmonidae","Salmoniformes","Actinopteri","Chordata","Eukaryota"
"254","ASV_1539","Oncorhynchus kisutch",98.235,98.235,0,"species","Oncorhynchus kisutch","Oncorhynchus","Salmonidae","Salmoniformes","Actinopteri","Chordata","Eukaryota"
"255","ASV_1541","Oncorhynchus kisutch",99.412,99.412,0,"species","Oncorhynchus kisutch","Oncorhynchus","Salmonidae","Salmoniformes","Actinopteri","Chordata","Eukaryota"
"256","ASV_1550","Oncorhynchus keta",98.817,98.817,0,"species","Oncorhynchus keta","Oncorhynchus","Salmonidae","Salmoniformes","Actinopteri","Chordata","Eukaryota"
"257","ASV_1551","Oncorhynchus tshawytscha",98.824,98.824,0,"species","Oncorhynchus tshawytscha","Oncorhynchus","Salmonidae","Salmoniformes","Actinopteri","Chordata","Eukaryota"
"258","ASV_1570","Oncorhynchus nerka",99.405,99.405,0,"species","Oncorhynchus nerka","Oncorhynchus","Salmonidae","Salmoniformes","Actinopteri","Chordata","Eukaryota"
"259","ASV_1571","Oncorhynchus keta",100,100,0,"species","Oncorhynchus keta","Oncorhynchus","Salmonidae","Salmoniformes","Actinopteri","Chordata","Eukaryota"
"260","ASV_1575","Oncorhynchus keta",99.408,99.408,0,"species","Oncorhynchus keta","Oncorhynchus","Salmonidae","Salmoniformes","Actinopteri","Chordata","Eukaryota"
"261","ASV_1578","Oncorhynchus tshawytscha",100,100,0,"species","Oncorhynchus tshawytscha","Oncorhynchus","Salmonidae","Salmoniformes","Actinopteri","Chordata","Eukaryota"
"262","ASV_1580","Oncorhynchus kisutch",98.824,98.824,0,"species","Oncorhynchus kisutch","Oncorhynchus","Salmonidae","Salmoniformes","Actinopteri","Chordata","Eukaryota"
"263","ASV_1585","Oncorhynchus tshawytscha",98.235,98.235,0,"species","Oncorhynchus tshawytscha","Oncorhynchus","Salmonidae","Salmoniformes","Actinopteri","Chordata","Eukaryota"
"264","ASV_1597","Oncorhynchus nerka",99.412,99.412,0,"species","Oncorhynchus nerka","Oncorhynchus","Salmonidae","Salmoniformes","Actinopteri","Chordata","Eukaryota"
"265","ASV_1599","Oncorhynchus tshawytscha",98.824,98.824,0,"species","Oncorhynchus tshawytscha","Oncorhynchus","Salmonidae","Salmoniformes","Actinopteri","Chordata","Eukaryota"
"266","ASV_1634","Oncorhynchus kisutch",99.405,99.405,0,"species","Oncorhynchus kisutch","Oncorhynchus","Salmonidae","Salmoniformes","Actinopteri","Chordata","Eukaryota"
"267","ASV_1655","Oncorhynchus tshawytscha",98.824,98.824,0,"species","Oncorhynchus tshawytscha","Oncorhynchus","Salmonidae","Salmoniformes","Actinopteri","Chordata","Eukaryota"
"268","ASV_1657","Oncorhynchus nerka",99.412,99.412,0,"species","Oncorhynchus nerka","Oncorhynchus","Salmonidae","Salmoniformes","Actinopteri","Chordata","Eukaryota"
"269","ASV_1702","Oncorhynchus nerka",99.412,99.412,0,"species","Oncorhynchus nerka","Oncorhynchus","Salmonidae","Salmoniformes","Actinopteri","Chordata","Eukaryota"
"270","ASV_1715","Oncorhynchus mykiss",100,100,0,"species","Oncorhynchus mykiss","Oncorhynchus","Salmonidae","Salmoniformes","Actinopteri","Chordata","Eukaryota"
"271","ASV_0021","Oncorhynchus keta",99.412,99.412,0,"genus","Oncorhynchus","Oncorhynchus","Salmonidae","Salmoniformes","Actinopteri","Chordata","Eukaryota"
"272","ASV_0021","Oncorhynchus nerka",99.412,99.412,0,"genus","Oncorhynchus","Oncorhynchus","Salmonidae","Salmoniformes","Actinopteri","Chordata","Eukaryota"
"273","ASV_0038","Oncorhynchus gorbuscha",99.412,99.412,0,"genus","Oncorhynchus","Oncorhynchus","Salmonidae","Salmoniformes","Actinopteri","Chordata","Eukaryota"
"274","ASV_0038","Oncorhynchus nerka",99.408,99.412,0.00400000000000489,"genus","Oncorhynchus","Oncorhynchus","Salmonidae","Salmoniformes","Actinopteri","Chordata","Eukaryota"
"275","ASV_0062","Oncorhynchus kisutch",99.412,99.412,0,"genus","Oncorhynchus","Oncorhynchus","Salmonidae","Salmoniformes","Actinopteri","Chordata","Eukaryota"
"276","ASV_0062","Oncorhynchus keta",99.408,99.412,0.00400000000000489,"genus","Oncorhynchus","Oncorhynchus","Salmonidae","Salmoniformes","Actinopteri","Chordata","Eukaryota"
"277","ASV_0099","Oncorhynchus keta",99.412,99.412,0,"genus","Oncorhynchus","Oncorhynchus","Salmonidae","Salmoniformes","Actinopteri","Chordata","Eukaryota"
"278","ASV_0099","Oncorhynchus kisutch",99.412,99.412,0,"genus","Oncorhynchus","Oncorhynchus","Salmonidae","Salmoniformes","Actinopteri","Chordata","Eukaryota"
"279","ASV_0239","Oncorhynchus keta",99.408,99.408,0,"genus","Oncorhynchus","Oncorhynchus","Salmonidae","Salmoniformes","Actinopteri","Chordata","Eukaryota"
"280","ASV_0239","Oncorhynchus nerka",99.408,99.408,0,"genus","Oncorhynchus","Oncorhynchus","Salmonidae","Salmoniformes","Actinopteri","Chordata","Eukaryota"
"281","ASV_0555","Oncorhynchus kisutch",98.824,98.824,0,"genus","Oncorhynchus","Oncorhynchus","Salmonidae","Salmoniformes","Actinopteri","Chordata","Eukaryota"
"282","ASV_0555","Oncorhynchus keta",98.817,98.824,0.007000000000005,"genus","Oncorhynchus","Oncorhynchus","Salmonidae","Salmoniformes","Actinopteri","Chordata","Eukaryota"
"283","ASV_0703","Oncorhynchus kisutch",98.824,98.824,0,"genus","Oncorhynchus","Oncorhynchus","Salmonidae","Salmoniformes","Actinopteri","Chordata","Eukaryota"
"284","ASV_0703","Oncorhynchus keta",98.817,98.824,0.007000000000005,"genus","Oncorhynchus","Oncorhynchus","Salmonidae","Salmoniformes","Actinopteri","Chordata","Eukaryota"
"285","ASV_0707","Oncorhynchus keta",98.824,98.824,0,"genus","Oncorhynchus","Oncorhynchus","Salmonidae","Salmoniformes","Actinopteri","Chordata","Eukaryota"
"286","ASV_0707","Oncorhynchus nerka",98.824,98.824,0,"genus","Oncorhynchus","Oncorhynchus","Salmonidae","Salmoniformes","Actinopteri","Chordata","Eukaryota"
"287","ASV_0790","Oncorhynchus gorbuscha",98.824,98.824,0,"genus","Oncorhynchus","Oncorhynchus","Salmonidae","Salmoniformes","Actinopteri","Chordata","Eukaryota"
"288","ASV_0790","Oncorhynchus nerka",98.817,98.824,0.007000000000005,"genus","Oncorhynchus","Oncorhynchus","Salmonidae","Salmoniformes","Actinopteri","Chordata","Eukaryota"
"289","ASV_0851","Oncorhynchus keta",99.408,99.408,0,"genus","Oncorhynchus","Oncorhynchus","Salmonidae","Salmoniformes","Actinopteri","Chordata","Eukaryota"
"290","ASV_0851","Oncorhynchus mykiss",99.408,99.408,0,"genus","Oncorhynchus","Oncorhynchus","Salmonidae","Salmoniformes","Actinopteri","Chordata","Eukaryota"
"291","ASV_0890","Oncorhynchus gorbuscha",98.824,98.824,0,"genus","Oncorhynchus","Oncorhynchus","Salmonidae","Salmoniformes","Actinopteri","Chordata","Eukaryota"
"292","ASV_0890","Oncorhynchus nerka",98.817,98.824,0.007000000000005,"genus","Oncorhynchus","Oncorhynchus","Salmonidae","Salmoniformes","Actinopteri","Chordata","Eukaryota"
"293","ASV_0893","Oncorhynchus keta",98.817,98.817,0,"genus","Oncorhynchus","Oncorhynchus","Salmonidae","Salmoniformes","Actinopteri","Chordata","Eukaryota"
"294","ASV_0893","Oncorhynchus mykiss",98.817,98.817,0,"genus","Oncorhynchus","Oncorhynchus","Salmonidae","Salmoniformes","Actinopteri","Chordata","Eukaryota"
"295","ASV_0972","Oncorhynchus gorbuscha",98.824,98.824,0,"genus","Oncorhynchus","Oncorhynchus","Salmonidae","Salmoniformes","Actinopteri","Chordata","Eukaryota"
"296","ASV_0972","Oncorhynchus nerka",98.817,98.824,0.007000000000005,"genus","Oncorhynchus","Oncorhynchus","Salmonidae","Salmoniformes","Actinopteri","Chordata","Eukaryota"
"297","ASV_0977","Oncorhynchus kisutch",98.824,98.824,0,"genus","Oncorhynchus","Oncorhynchus","Salmonidae","Salmoniformes","Actinopteri","Chordata","Eukaryota"
"298","ASV_0977","Oncorhynchus keta",98.817,98.824,0.007000000000005,"genus","Oncorhynchus","Oncorhynchus","Salmonidae","Salmoniformes","Actinopteri","Chordata","Eukaryota"
"299","ASV_0997","Oncorhynchus keta",98.824,98.824,0,"genus","Oncorhynchus","Oncorhynchus","Salmonidae","Salmoniformes","Actinopteri","Chordata","Eukaryota"
"300","ASV_0997","Oncorhynchus nerka",98.824,98.824,0,"genus","Oncorhynchus","Oncorhynchus","Salmonidae","Salmoniformes","Actinopteri","Chordata","Eukaryota"
"301","ASV_1015","Oncorhynchus keta",98.824,98.824,0,"genus","Oncorhynchus","Oncorhynchus","Salmonidae","Salmoniformes","Actinopteri","Chordata","Eukaryota"
"302","ASV_1015","Oncorhynchus nerka",98.824,98.824,0,"genus","Oncorhynchus","Oncorhynchus","Salmonidae","Salmoniformes","Actinopteri","Chordata","Eukaryota"
"303","ASV_1058","Oncorhynchus keta",98.824,98.824,0,"genus","Oncorhynchus","Oncorhynchus","Salmonidae","Salmoniformes","Actinopteri","Chordata","Eukaryota"
"304","ASV_1058","Oncorhynchus nerka",98.824,98.824,0,"genus","Oncorhynchus","Oncorhynchus","Salmonidae","Salmoniformes","Actinopteri","Chordata","Eukaryota"
"305","ASV_1069","Oncorhynchus gorbuscha",98.824,98.824,0,"genus","Oncorhynchus","Oncorhynchus","Salmonidae","Salmoniformes","Actinopteri","Chordata","Eukaryota"
"306","ASV_1069","Oncorhynchus nerka",98.817,98.824,0.007000000000005,"genus","Oncorhynchus","Oncorhynchus","Salmonidae","Salmoniformes","Actinopteri","Chordata","Eukaryota"
"307","ASV_1119","Oncorhynchus keta",98.824,98.824,0,"genus","Oncorhynchus","Oncorhynchus","Salmonidae","Salmoniformes","Actinopteri","Chordata","Eukaryota"
"308","ASV_1119","Oncorhynchus nerka",98.824,98.824,0,"genus","Oncorhynchus","Oncorhynchus","Salmonidae","Salmoniformes","Actinopteri","Chordata","Eukaryota"
"309","ASV_1163","Oncorhynchus keta",98.824,98.824,0,"genus","Oncorhynchus","Oncorhynchus","Salmonidae","Salmoniformes","Actinopteri","Chordata","Eukaryota"
"310","ASV_1163","Oncorhynchus nerka",98.824,98.824,0,"genus","Oncorhynchus","Oncorhynchus","Salmonidae","Salmoniformes","Actinopteri","Chordata","Eukaryota"
"311","ASV_1298","Oncorhynchus gorbuscha",98.824,98.824,0,"genus","Oncorhynchus","Oncorhynchus","Salmonidae","Salmoniformes","Actinopteri","Chordata","Eukaryota"
"312","ASV_1298","Oncorhynchus nerka",98.817,98.824,0.007000000000005,"genus","Oncorhynchus","Oncorhynchus","Salmonidae","Salmoniformes","Actinopteri","Chordata","Eukaryota"
"313","ASV_1304","Oncorhynchus gorbuscha",98.824,98.824,0,"genus","Oncorhynchus","Oncorhynchus","Salmonidae","Salmoniformes","Actinopteri","Chordata","Eukaryota"
"314","ASV_1304","Oncorhynchus mykiss",98.824,98.824,0,"genus","Oncorhynchus","Oncorhynchus","Salmonidae","Salmoniformes","Actinopteri","Chordata","Eukaryota"
"315","ASV_1350","Oncorhynchus keta",98.824,98.824,0,"genus","Oncorhynchus","Oncorhynchus","Salmonidae","Salmoniformes","Actinopteri","Chordata","Eukaryota"
"316","ASV_1350","Oncorhynchus nerka",98.824,98.824,0,"genus","Oncorhynchus","Oncorhynchus","Salmonidae","Salmoniformes","Actinopteri","Chordata","Eukaryota"
"317","ASV_1415","Oncorhynchus keta",98.824,98.824,0,"genus","Oncorhynchus","Oncorhynchus","Salmonidae","Salmoniformes","Actinopteri","Chordata","Eukaryota"
"318","ASV_1415","Oncorhynchus nerka",98.824,98.824,0,"genus","Oncorhynchus","Oncorhynchus","Salmonidae","Salmoniformes","Actinopteri","Chordata","Eukaryota"
"319","ASV_1537","Oncorhynchus keta",98.824,98.824,0,"genus","Oncorhynchus","Oncorhynchus","Salmonidae","Salmoniformes","Actinopteri","Chordata","Eukaryota"
"320","ASV_1537","Oncorhynchus kisutch",98.824,98.824,0,"genus","Oncorhynchus","Oncorhynchus","Salmonidae","Salmoniformes","Actinopteri","Chordata","Eukaryota"
"321","ASV_1560","Oncorhynchus keta",98.824,98.824,0,"genus","Oncorhynchus","Oncorhynchus","Salmonidae","Salmoniformes","Actinopteri","Chordata","Eukaryota"
"322","ASV_1560","Oncorhynchus nerka",98.824,98.824,0,"genus","Oncorhynchus","Oncorhynchus","Salmonidae","Salmoniformes","Actinopteri","Chordata","Eukaryota"
"323","ASV_1653","Oncorhynchus keta",98.824,98.824,0,"genus","Oncorhynchus","Oncorhynchus","Salmonidae","Salmoniformes","Actinopteri","Chordata","Eukaryota"
"324","ASV_1653","Oncorhynchus nerka",98.824,98.824,0,"genus","Oncorhynchus","Oncorhynchus","Salmonidae","Salmoniformes","Actinopteri","Chordata","Eukaryota"
